StartDate,EndDate,Status,IPAddress,Progress,Duration (in seconds),Finished,RecordedDate,ResponseId,RecipientLastName,RecipientFirstName,RecipientEmail,ExternalReference,LocationLatitude,LocationLongitude,DistributionChannel,UserLanguage,11_WelcomeTiming_First Click,11_WelcomeTiming_Last Click,11_WelcomeTiming_Page Submit,11_WelcomeTiming_Click Count,11_DiamondQuestion1,11_DiamondTiming1_First Click,11_DiamondTiming1_Last Click,11_DiamondTiming1_Page Submit,11_DiamondTiming1_Click Count,11_EnvQuestion_1,11_EnvQuestion_2,11_EnvQuestion_3,11_EnvTiming_First Click,11_EnvTiming_Last Click,11_EnvTiming_Page Submit,11_EnvTiming_Click Count,SC0,PROLIFIC_PID,GrpNum,STUDY_ID,SESSION_ID,FL_6_DO
2024-04-10 14:29,2024-04-10 14:35,0,65.114.115.154,100,357,1,2024-04-10 14:35,R_23yiQtXrSGqu7T3,,,,,43.8013,-91.2134,anonymous,EN,0,0,3.703,0,4,337.651,337.651,340.306,1,4,2,4,2.802,8.401,9.573,4,12,5fc5d5a9e27b9c167634b709,11,6616a611b1d4fd89aac7dfaa,6616f6a0c40c5dc838b7fb9b,11_Diamond2
2024-04-10 19:08,2024-04-10 19:14,0,172.58.251.80,100,348,1,2024-04-10 19:14,R_5QOYRjJPy4Mjbih,,,,,35.2369,-80.8957,anonymous,EN,0,0,180.244,0,2,124.116,135.393,137.058,2,4,2,4,20.859,25.059,26.301,4,14,60bec2aeb32067ea868876ec,11,6616a611b1d4fd89aac7dfaa,66173772f201fd46ff573b9a,11_Diamond2
2024-04-10 17:11,2024-04-10 17:13,0,72.183.195.54,100,117,1,2024-04-10 17:13,R_3geAfdpaEt3kz1e,,,,,31.8378,-106.538,anonymous,EN,0,0,1.54,0,1,106.592,107.637,108.158,2,5,2,5,2.044,4.215,5.001,3,17,5ed03062ab3ebc103e60edea,11,6616a611b1d4fd89aac7dfaa,66171ca6a479ca3501c8f436,11_Diamond2
2024-04-10 14:53,2024-04-10 15:01,0,174.231.20.163,100,461,1,2024-04-10 15:01,R_7HeWEdCrhVhGp7b,,,,,33.4342,-111.8454,anonymous,EN,0,0,4.066,0,4,97.601,392.375,392.935,17,4,2,3,26.116,44.976,45.5,4,11,6010b744db280e455a5250bd,11,6616a611b1d4fd89aac7dfaa,6616fc12cfe93d3011da855c,11_Diamond2
2024-04-10 16:49,2024-04-10 16:52,0,172.59.137.177,100,157,1,2024-04-10 16:52,R_5ExYZgg0F1evgXl,,,,,40.4236,-79.9825,anonymous,EN,0,0,9.221,0,4,84.675,84.675,87.491,1,4,2,3,7.74,16.068,17.251,3,11,66089872d064c36b5389e81b,11,6616a611b1d4fd89aac7dfaa,6617171fe8905f7cc211c77e,11_Diamond2
2024-04-10 15:31,2024-04-10 15:33,0,128.118.145.58,100,109,1,2024-04-10 15:33,R_2SnJVQLX2u1HzZT,,,,,39.9517,-76.7064,anonymous,EN,0,0,6.465,0,3,73.613,93.92,95.106,2,4,2,4,3.096,4.916,5.644,3,13,5ac5207ee1546900019c0279,11,6616a611b1d4fd89aac7dfaa,6617051f1ed3e450b152df3e,11_Diamond2
2024-04-10 15:02,2024-04-10 15:03,0,47.203.3.249,100,78,1,2024-04-10 15:03,R_1QRQiz6sGjddw1X,,,,,28.2365,-82.3289,anonymous,EN,0,0,1.511,0,2,68.582,68.582,69.497,1,4,2,4,2.018,4.604,5.195,3,14,657b17288770b694bfd70fba,11,6616a611b1d4fd89aac7dfaa,6616fe4eecd84ffbc849ec49,11_Diamond2
2024-04-10 14:13,2024-04-10 14:15,0,75.74.55.243,100,99,1,2024-04-10 14:15,R_6kddfanmzndvSNo,,,,,25.8696,-80.3073,anonymous,EN,0,0,18.619,0,4,55.561,55.561,58.144,1,4,2,4,6.133,19.191,20.702,3,12,63d475f2b52ddc6fbab9ce52,11,6616a611b1d4fd89aac7dfaa,6616f2c8830e8d3f6ca95722,11_Diamond2
2024-04-10 19:15,2024-04-10 19:18,0,68.38.121.183,100,210,1,2024-04-10 19:18,R_50aK5zDwvTdFuvv,,,,,41.0233,-85.1848,anonymous,EN,0,0,17.526,0,1,55.274,184.799,185.951,7,4,2,4,1.371,4.397,5.459,5,15,63b6e5e23b31a38790ff1ce2,11,6616a611b1d4fd89aac7dfaa,66173972d34f36839b8f069b,11_Diamond2
2024-04-10 19:02,2024-04-10 19:04,0,107.15.23.152,100,135,1,2024-04-10 19:04,R_52DDcxQopwXW03E,,,,,36.0774,-79.088,anonymous,EN,0,0,50.477,0,5,52.604,52.604,69.551,1,4,2,4,6.494,11.902,13.039,3,11,5d8e361e6e920e0014b459d9,11,6616a611b1d4fd89aac7dfaa,661736229011184cd7dbe58c,11_Diamond2
2024-04-10 18:27,2024-04-10 18:30,0,99.132.180.127,100,205,1,2024-04-10 18:30,R_5fGPnxzyylzG2Mp,,,,,39.6804,-86.1306,anonymous,EN,0,0,67.595,0,2,50.031,50.198,51.801,2,4,2,5,64.62,78.731,83.299,17,15,5dc4c22f0389e438ac69eac9,11,6616a611b1d4fd89aac7dfaa,66172e3c043a4946091873ec,11_Diamond2
2024-04-10 16:30,2024-04-10 16:31,0,97.84.202.59,100,62,1,2024-04-10 16:31,R_1uQzXxq0ZaP76w8,,,,,43.4634,-84.028,anonymous,EN,0,0,6.541,0,5,40.419,40.419,45.227,1,4,2,5,3.786,7.267,8.33,3,12,62eab7b53494af2a6cb73504,11,6616a611b1d4fd89aac7dfaa,66171301718fb40468d05597,11_Diamond2
2024-04-10 13:49,2024-04-10 13:50,0,107.221.137.204,100,68,1,2024-04-10 13:50,R_3CpsSQW7ZfJDrtE,,,,,29.7738,-95.406,anonymous,EN,0,0,7.298,0,4,39.373,39.373,40.402,1,4,2,4,7.355,16.171,18.652,3,12,65ccf7acb72d141f952ec5d0,11,6616a611b1d4fd89aac7dfaa,6616ed2451f61b24642fba00,11_Diamond2
2024-04-10 15:57,2024-04-10 15:58,0,67.80.94.223,100,61,1,2024-04-10 15:58,R_7zqNcjzyQoDP1gk,,,,,40.9363,-74.6608,anonymous,EN,0,0,2.127,0,3,37.271,45.331,46.868,5,3,2,4,1.83,8.303,9.779,5,12,5f7a28b8bedcf2112ebd1289,11,6616a611b1d4fd89aac7dfaa,66170b3f21706d900529cb3e,11_Diamond2
2024-04-10 16:44,2024-04-10 16:45,0,70.177.241.195,100,55,1,2024-04-10 16:45,R_1qermLUHFIckjhD,,,,,36.7323,-76.0363,anonymous,EN,0,0,5.372,0,2,36.404,36.404,37.789,1,4,2,5,4.868,8.795,9.971,3,15,55b6e53bfdf99b438f10e3bb,11,6616a611b1d4fd89aac7dfaa,6617161ef201fd46ff57348c,11_Diamond2
2024-04-10 16:40,2024-04-10 16:41,0,97.119.170.67,100,55,1,2024-04-10 16:41,R_5PKIMqdD7o5ffhf,,,,,41.2884,-95.9972,anonymous,EN,0,0,5.632,0,4,36.012,37.066,38.063,2,4,2,5,3.726,7.258,8.534,3,13,63b6ce65bf24c8201da439e4,11,6616a611b1d4fd89aac7dfaa,6617154c1824cc47fe7b129f,11_Diamond2
2024-04-10 15:08,2024-04-10 15:09,0,192.180.206.137,100,46,1,2024-04-10 15:09,R_2T1N8bUhCEUDjgd,,,,,39.9418,-83.8357,anonymous,EN,0.896,0.896,1.129,1,2,35.926,35.926,36.881,1,4,2,5,3.031,5.736,6.025,5,15,63e55bb2f8e6aec6a4031bd8,11,6616a611b1d4fd89aac7dfaa,6616ffc3ecd84ffbc849ec83,11_Diamond2
2024-04-10 16:40,2024-04-10 16:41,0,128.208.80.137,100,55,1,2024-04-10 16:41,R_2HzhQgAetV9VnnQ,,,,,47.4626,-122.2089,anonymous,EN,0,0,6.623,0,3,35.515,35.515,36.248,1,3,2,4,5.842,10.296,10.876,3,12,5ec7dbab0e3a8108f99856d0,11,6616a611b1d4fd89aac7dfaa,66171552fc751cc3c6861953,11_Diamond2
2024-04-10 14:22,2024-04-10 14:23,0,136.226.56.95,100,59,1,2024-04-10 14:23,R_2LjQH5wcoGMJooe,,,,,47.6034,-122.3414,anonymous,EN,0,0,15.334,0,5,35.504,35.504,35.997,1,4,2,3,2.878,4.853,5.366,3,10,643f385f50c7a5996c445a37,11,6616a611b1d4fd89aac7dfaa,6616f4e6a26801f36df1f896,11_Diamond2
2024-04-10 16:00,2024-04-10 16:00,0,73.45.75.70,100,50,1,2024-04-10 16:00,R_7oSXQy7SQ6QmOem,,,,,41.9025,-87.6726,anonymous,EN,0,0,3.474,0,2,34.37,38.183,38.942,3,2,2,2,2.257,6.222,6.402,4,10,5e872f5b3a32c337ba65aa68,11,6616a611b1d4fd89aac7dfaa,66170bc7b16f01f494afd6a6,11_Diamond2
2024-04-10 17:32,2024-04-10 17:33,0,108.70.137.133,100,47,1,2024-04-10 17:33,R_6uWA0Dm3WssuuxH,,,,,41.5798,-83.666,anonymous,EN,0,0,2.961,0,2,33.8,34.985,36.486,2,4,2,4,2.091,4.737,5.521,4,14,56fc8248b5648e000fac9980,11,6616a611b1d4fd89aac7dfaa,66171d8ce9ad9027ef3b0840,11_Diamond2
2024-04-10 15:03,2024-04-10 15:04,0,71.82.56.208,100,43,1,2024-04-10 15:04,R_20YSjz4z926mPHU,,,,,43.582,-83.873,anonymous,EN,0,0,2.12,0,1,31.817,31.817,33.055,1,4,2,5,3.64,5.798,6.931,3,16,6032aa14166df72d4c8a331f,11,6616a611b1d4fd89aac7dfaa,6616feac925e6e8c4fdee902,11_Diamond2
2024-04-10 16:04,2024-04-10 16:05,0,73.187.221.137,100,55,1,2024-04-10 16:05,R_39jhSvgrPgCUGNE,,,,,40.009,-76.3631,anonymous,EN,0,0,8.632,0,5,31.248,31.248,34.947,1,3,2,2,5.13,9.217,10.928,3,8,660d77f6ef756b2e670c240b,11,6616a611b1d4fd89aac7dfaa,66170cc1495864ca330f868d,11_Diamond2
2024-04-10 15:46,2024-04-10 15:47,0,172.118.75.234,100,59,1,2024-04-10 15:47,R_2lK6grDV1wZoS07,,,,,34.2529,-118.418,anonymous,EN,0,0,11.175,0,2,30.915,30.915,35.383,1,4,2,5,3.021,6.261,9.872,3,15,65b94d4dc871916672fce70d,11,6616a611b1d4fd89aac7dfaa,661708a97132a63f70491cf7,11_Diamond2
2024-04-10 14:44,2024-04-10 14:45,0,108.224.165.164,100,50,1,2024-04-10 14:45,R_3pljEFA81ksOBp4,,,,,26.782,-80.0653,anonymous,EN,0,0,4.967,0,4,30.392,30.392,31.899,1,5,2,1,3.285,6.086,8.316,3,10,5ec764942256df19e155432c,11,6616a611b1d4fd89aac7dfaa,6616fa048c834c0664e42dc3,11_Diamond2
2024-04-10 16:37,2024-04-10 16:38,0,24.10.124.176,100,42,1,2024-04-10 16:38,R_66Qb7b0oIYmVnkR,,,,,38.7169,-121.3677,anonymous,EN,0,0,2.921,0,5,28.95,28.95,29.74,1,4,2,2,3.823,7.567,8.421,3,9,5e542a0c4b7e8c42fafa7216,11,6616a611b1d4fd89aac7dfaa,66171496a1e00d1b9186c618,11_Diamond2
2024-04-10 16:58,2024-04-10 16:58,0,108.30.180.11,100,38,1,2024-04-10 16:58,R_5JIQvChGQ8GKnu8,,,,,40.5468,-74.1804,anonymous,EN,0,0,1.495,0,4,28.279,28.279,28.973,1,4,2,4,2.224,6.01,6.732,4,12,6111a1563a1ee66375aa174b,11,6616a611b1d4fd89aac7dfaa,66171979c5b8dd7cffea3bc2,11_Diamond2
2024-04-10 18:47,2024-04-10 18:48,0,70.139.139.63,100,39,1,2024-04-10 18:48,R_5SiBiMRL46Vkxaf,,,,,29.572,-95.54,anonymous,EN,0,0,1.454,0,2,27.663,29.396,30.118,2,4,2,4,2.534,5.608,6.267,3,14,65dbdab205fde4fe1981e5ae,11,6616a611b1d4fd89aac7dfaa,66173301d4841a81db91f716,11_Diamond2
2024-04-10 17:04,2024-04-10 17:05,0,70.18.233.117,100,37,1,2024-04-10 17:05,R_12PY2lvog6m2ZC8,,,,,39.1181,-76.8396,anonymous,EN,0,0,1.783,0,3,26.776,26.776,27.9,1,4,2,4,1.928,4.615,4.892,4,13,5e79b84d4633bc575ddb3812,11,6616a611b1d4fd89aac7dfaa,66171ae1930682ea90c8f261,11_Diamond2
2024-04-10 15:13,2024-04-10 15:14,0,71.83.252.170,100,59,1,2024-04-10 15:14,R_505tv9FBNoNWvgB,,,,,46.2532,-119.2864,anonymous,EN,0,0,5.2,0,1,26.712,37.032,38.562,5,4,2,4,4.933,11.693,12.191,4,15,5c5fca504fff5700017ecd34,11,6616a611b1d4fd89aac7dfaa,661700f6642a5cc354041535,11_Diamond2
2024-04-10 18:04,2024-04-10 18:05,0,172.9.187.2,100,60,1,2024-04-10 18:05,R_11zydzLpttJOlb7,,,,,33.9249,-117.4592,anonymous,EN,0,0,5.795,0,4,24.96,27.927,28.823,2,2,2,4,7.092,14.975,24.42,4,10,6103556ea0f044d921196b60,11,6616a611b1d4fd89aac7dfaa,661728e1e9ad9027ef3b0ad6,11_Diamond2
2024-04-10 15:30,2024-04-10 15:31,0,72.180.177.19,100,47,1,2024-04-10 15:31,R_5gd75FFemkJd25h,,,,,25.9244,-97.4626,anonymous,EN,0,0,4.276,0,4,24.697,27.015,27.624,3,3,2,3,6.122,12.233,13.153,5,10,5c0c90e7632102000147c3cc,11,6616a611b1d4fd89aac7dfaa,6617049d5bd3d8a5a8ca1e72,11_Diamond2
2024-04-10 14:58,2024-04-10 14:58,0,98.146.182.117,100,39,1,2024-04-10 14:59,R_5ruop2j8qLXFt1D,,,,,47.7242,-116.7834,anonymous,EN,0,0,4.202,0,1,24.407,24.407,25.27,1,4,2,4,3.148,5.546,6.378,3,15,5589ce75fdf99b18be3203d2,11,6616a611b1d4fd89aac7dfaa,6616fd53b5e26fc692ff7972,11_Diamond2
2024-04-10 15:35,2024-04-10 15:35,0,184.52.89.122,100,51,1,2024-04-10 15:35,R_7EhbZL03rhNzXYi,,,,,37.751,-97.822,anonymous,EN,0,0,2.901,0,5,24.324,24.324,25.431,1,5,2,5,3.984,6.832,8.291,3,13,5c2c6e432c45d400014a35e3,11,6616a611b1d4fd89aac7dfaa,661705e9d0da0897f2dce0aa,11_Diamond2
2024-04-10 19:25,2024-04-10 19:26,0,99.174.201.84,100,43,1,2024-04-10 19:26,R_1HvQqHnszsN4a4N,,,,,32.6256,-97.3632,anonymous,EN,0,0,3.619,0,1,22.362,22.362,31.434,1,4,2,4,2.687,6.193,7.095,3,15,5fe3f539dd8cf10e7d545231,11,6616a611b1d4fd89aac7dfaa,66173ba329d63b5d1e802942,11_Diamond2
2024-04-10 16:20,2024-04-10 16:21,0,172.56.249.44,100,37,1,2024-04-10 16:21,R_3fBDTISOVCTaaov,,,,,39.8079,-86.0949,anonymous,EN,0,0,4.895,0,2,22.202,22.202,23.224,1,5,2,5,1.959,5.105,6.307,4,16,5ffd055afa9eac21f6e8bc6f,11,6616a611b1d4fd89aac7dfaa,661710b0d0da0897f2dce28d,11_Diamond2
2024-04-10 18:11,2024-04-10 18:12,0,76.211.72.180,100,39,1,2024-04-10 18:12,R_5me6bgJrPcjuc5r,,,,,39.7764,-86.1077,anonymous,EN,0,0,2.186,0,5,22.042,23.219,24.983,2,4,2,4,5.691,8.918,10.021,3,11,5e4566e8f64db704b739b757,11,6616a611b1d4fd89aac7dfaa,66172ac115ce4924c10a1c42,11_Diamond2
2024-04-10 17:29,2024-04-10 17:29,0,134.65.37.224,100,47,1,2024-04-10 17:29,R_7iwKaWMzuvV7nx6,,,,,40.772,-89.6572,anonymous,EN,0,0,13.219,0,3,21.953,21.953,23.774,1,3,2,3,3.684,7.119,8.385,3,11,6475368fa8d5b3392676349f,11,6616a611b1d4fd89aac7dfaa,6617207c0a495b9ca686d001,11_Diamond2
2024-04-10 17:33,2024-04-10 17:34,0,68.39.19.67,100,37,1,2024-04-10 17:34,R_8IRSE4pyyitHQZ6,,,,,39.9564,-85.9651,anonymous,EN,0,0,4.397,0,4,21.936,21.936,22.826,1,4,2,2,2.111,5.746,6.814,3,10,5c314de6d5fc960001d2cb93,11,6616a611b1d4fd89aac7dfaa,661721c05bb0ec8d878f37be,11_Diamond2
2024-04-10 16:02,2024-04-10 16:03,0,100.15.211.219,100,35,1,2024-04-10 16:03,R_7v1HwpUY0fwQRXy,,,,,38.9379,-77.0859,anonymous,EN,0,0,1.778,0,2,20.946,20.946,22.227,1,3,2,4,3.522,8.599,9.225,4,13,62fb78e56561b48adbb5478c,11,6616a611b1d4fd89aac7dfaa,66170c6ab8b99ab194afd614,11_Diamond2
2024-04-10 14:50,2024-04-10 14:51,0,207.44.33.244,100,41,1,2024-04-10 14:51,R_546jIWL5AFn9QU9,,,,,40.7962,-76.4226,anonymous,EN,0,0,2.582,0,3,20.629,27.763,28.543,6,2,2,3,3.476,7.7,8.443,4,10,60f702e41d616d91c2606417,11,6616a611b1d4fd89aac7dfaa,6616fb979d6bd047bf4cd73d,11_Diamond2
2024-04-10 16:50,2024-04-10 16:50,0,174.102.143.82,100,41,1,2024-04-10 16:50,R_739zUwNL2G5p90l,,,,,43.0538,-88.3976,anonymous,EN,0,0,6.26,0,2,20.51,22.585,24.788,2,4,2,4,2.912,6.037,7.501,3,14,5c74e7e9c3fe130001e86cc8,11,6616a611b1d4fd89aac7dfaa,6617175671a82418f9bc86de,11_Diamond2
2024-04-10 15:51,2024-04-10 15:52,0,136.226.85.24,100,39,1,2024-04-10 15:52,R_2XnUfxIKTKzvudY,,,,,41.8874,-87.6318,anonymous,EN,0,0,4.074,0,2,20.039,25.269,27.139,6,4,2,4,2.768,5.769,6.338,4,14,633c7424294f7a26710ca395,11,6616a611b1d4fd89aac7dfaa,661709e0617c09f9f245f91f,11_Diamond2
2024-04-10 16:25,2024-04-10 16:25,0,35.144.6.96,100,33,1,2024-04-10 16:25,R_7AjgtNczPKEjiEx,,,,,38.6433,-90.2575,anonymous,EN,0,0,3.213,0,1,19.952,19.952,22.062,1,4,2,4,2.999,5.783,6.412,3,15,569b36e3af9ad70006640dd9,11,6616a611b1d4fd89aac7dfaa,661711c0930682ea90c8f09d,11_Diamond2
2024-04-10 14:48,2024-04-10 14:49,0,69.123.8.208,100,30,1,2024-04-10 14:49,R_5SAiPQfsx7twIED,,,,,40.2459,-74.2813,anonymous,EN,0,0,1.456,0,1,19.407,19.407,21.324,1,4,2,5,2.57,4.71,5.318,3,16,5b147696d282ff00015c2c4e,11,6616a611b1d4fd89aac7dfaa,6616fb289b546d6414ed004e,11_Diamond2
2024-04-10 17:39,2024-04-10 17:40,0,104.139.38.133,100,47,1,2024-04-10 17:40,R_5nvigNEOhoryU9b,,,,,35.2497,-81.1369,anonymous,EN,0,0,8.023,0,1,19.35,28.008,29.42,5,4,2,4,2.304,6.834,7.799,5,15,651041a4f733fb771bbbed94,11,6616a611b1d4fd89aac7dfaa,66172327a615a367b1f20140,11_Diamond2
2024-04-10 18:55,2024-04-10 18:56,0,75.38.18.161,100,38,1,2024-04-10 18:56,R_1DML3eGuT37sptj,,,,,32.972,-96.7914,anonymous,EN,0,0,3.87,0,3,19.312,19.312,20.873,1,3,2,4,6.205,9.782,10.87,3,12,65e2816c8d39398261728fd2,11,6616a611b1d4fd89aac7dfaa,6617350d115fc656b85c3036,11_Diamond2
2024-04-10 18:36,2024-04-10 18:37,0,73.56.22.178,100,44,1,2024-04-10 18:37,R_7pzuxIs4JZvdPax,,,,,27.2913,-80.2977,anonymous,EN,0,0,5.264,0,4,19.125,19.125,23.754,1,4,2,4,6.352,12.858,13.746,4,12,615dd07ab13d9882d61d6025,11,6616a611b1d4fd89aac7dfaa,661730679f3d0353f995fa36,11_Diamond2
2024-04-10 15:24,2024-04-10 15:25,0,75.187.157.164,100,34,1,2024-04-10 15:25,R_3iJsldy3Weiu4kS,,,,,38.1405,-85.6936,anonymous,EN,0,0,2.101,0,3,19.092,20.141,22.682,2,5,2,5,2.277,5.32,6.41,3,15,6101ef1676d38820d1002ef5,11,6616a611b1d4fd89aac7dfaa,6617037c01681e4bb7a30302,11_Diamond2
2024-04-10 15:36,2024-04-10 15:37,0,24.62.188.156,100,38,1,2024-04-10 15:37,R_3sESeXp4h5DVzQl,,,,,43.6171,-72.9636,anonymous,EN,0,0,2.706,0,3,18.567,19.547,20.726,2,5,2,5,3.991,7.078,8.15,4,15,62e92ac314e2c0f89236aed1,11,6616a611b1d4fd89aac7dfaa,6617064cd0da0897f2dce0b5,11_Diamond2
2024-04-10 15:45,2024-04-10 15:46,0,76.33.22.151,100,31,1,2024-04-10 15:46,R_1s6KUFjgpcSVx9g,,,,,32.8192,-117.1002,anonymous,EN,0,0,2.63,0,1,18.424,18.424,19.586,1,5,2,5,2.381,6.029,7.065,3,17,57321c8ec63b5c000f367bb2,11,6616a611b1d4fd89aac7dfaa,661708791e843e116d2dcb9b,11_Diamond2
2024-04-10 16:16,2024-04-10 16:16,0,75.163.186.142,100,43,1,2024-04-10 16:16,R_1kp7yj0r54kkPM8,,,,,39.0538,-104.8191,anonymous,EN,0,0,4.502,0,5,18.359,18.359,19.941,1,2,2,3,4.479,13.264,15.958,3,8,660869a6313d0d4669a22c4c,11,6616a611b1d4fd89aac7dfaa,66170f83092b3229c93712d4,11_Diamond2
2024-04-10 17:39,2024-04-10 17:41,0,97.81.180.180,100,70,1,2024-04-10 17:41,R_30ZLxpo6BpNQPBj,,,,,36.2155,-85.5426,anonymous,EN,0,0,10.684,0,1,17.503,33.174,35.397,3,4,2,2,3.418,12.323,15.381,3,13,6474b1097dd64a6e3ed25afd,11,6616a611b1d4fd89aac7dfaa,6617230d5f96b52eaa90d546,11_Diamond2
2024-04-10 19:27,2024-04-10 19:27,0,104.148.129.185,100,31,1,2024-04-10 19:27,R_5VC0Sdc4Kilfr5L,,,,,40.6665,-73.5455,anonymous,EN,0,0,2.277,0,4,17.363,17.363,18.431,1,3,2,3,5.129,7.007,7.856,3,10,612bbf7f2777e375241f0f45,11,6616a611b1d4fd89aac7dfaa,66173c6336fc70d7da6db249,11_Diamond2
2024-04-10 15:49,2024-04-10 15:50,0,68.231.193.126,100,35,1,2024-04-10 15:50,R_5OCW6yrXG5awwDg,,,,,33.5157,-117.7109,anonymous,EN,0,0,4.922,0,4,17.231,17.231,21.211,1,2,2,2,2.84,5.328,7.331,3,8,5e1a7114a90da52e206de7ea,11,6616a611b1d4fd89aac7dfaa,66170969da3ea7e9792e5bbb,11_Diamond2
2024-04-10 16:51,2024-04-10 16:54,0,172.59.81.151,100,170,1,2024-04-10 16:54,R_6Clt7mxF3OZpJCq,,,,,38.2577,-85.7098,anonymous,EN,0,0,73.509,0,4,17.079,17.079,18.731,1,5,2,5,4.094,7.11,7.926,3,14,65400f52da5aac3025e26c47,11,6616a611b1d4fd89aac7dfaa,66171769b4c76520233e9f0a,11_Diamond2
2024-04-10 15:42,2024-04-10 15:43,0,209.150.52.40,100,30,1,2024-04-10 15:43,R_7CdPUXfYrx1RcKB,,,,,40.7465,-73.909,anonymous,EN,0,0,1.947,0,2,17.068,20.457,21.094,2,4,2,4,2.578,4.925,5.783,3,14,65cbbc3c58b74649b3cd7bf1,11,6616a611b1d4fd89aac7dfaa,661707cad18e7684a6d4168f,11_Diamond2
2024-04-10 15:18,2024-04-10 15:19,0,73.164.245.69,100,28,1,2024-04-10 15:19,R_1bZtPQ7hTFz2cU2,,,,,45.4085,-122.7981,anonymous,EN,0,0,1.78,0,2,17.014,17.551,19.484,2,4,2,4,2.739,4.491,5.237,3,14,571178ec3d47e80011635b88,11,6616a611b1d4fd89aac7dfaa,66170233b6d245ef8eeb6148,11_Diamond2
2024-04-10 16:52,2024-04-10 16:52,0,47.147.74.88,100,30,1,2024-04-10 16:52,R_3wmABMI3Tf7wmqd,,,,,33.8041,-118.1874,anonymous,EN,0,0,1.593,0,1,16.83,16.83,18.259,1,3,2,3,3.324,6.49,7.346,3,13,5fc6ff902ee4372475162887,11,6616a611b1d4fd89aac7dfaa,6617180d56b2e50507ff0395,11_Diamond2
2024-04-10 15:38,2024-04-10 15:38,0,71.173.143.33,100,37,1,2024-04-10 15:38,R_6IN6Vm4gskvDK0i,,,,,40.1788,-77.0047,anonymous,EN,0,0,1.661,0,3,16.675,24.305,25.01,3,4,2,3,3.441,7.657,8.374,3,12,62dc6d329a5144ff8b61afb9,11,6616a611b1d4fd89aac7dfaa,661706aace05fa2012c984d5,11_Diamond2
2024-04-10 18:21,2024-04-10 18:22,0,67.190.187.7,100,40,1,2024-04-10 18:22,R_51dGOwxGNg0NqHS,,,,,39.6904,-105.0987,anonymous,EN,0,0,5.222,0,1,16.635,16.635,20.96,1,4,2,5,4.562,7.33,12.839,3,16,65edfc7d2199a9b6fcab161b,11,6616a611b1d4fd89aac7dfaa,66172cf8869990cc40ff06b0,11_Diamond2
2024-04-10 16:06,2024-04-10 16:06,0,108.30.110.195,100,44,1,2024-04-10 16:06,R_6ImfCgC4bWVTF9h,,,,,40.5948,-73.9715,anonymous,EN,0,0,6.877,0,3,16.51,25.392,25.977,6,4,2,4,3.714,7.444,7.906,5,13,65cb726783d6b993fc75b29e,11,6616a611b1d4fd89aac7dfaa,66170d36043a494609186d82,11_Diamond2
2024-04-10 15:48,2024-04-10 15:48,0,76.37.156.113,100,29,1,2024-04-10 15:48,R_1LAkFmHWqCjMrsQ,,,,,43.1612,-78.6946,anonymous,EN,0,0,3.074,0,5,16.192,16.192,16.931,1,4,2,5,1.971,6.154,6.747,4,12,63e52076fc677ee3ccce9a4d,11,6616a611b1d4fd89aac7dfaa,6617090bda3ea7e9792e5ba0,11_Diamond2
2024-04-10 15:23,2024-04-10 15:24,0,174.198.65.44,100,39,1,2024-04-10 15:24,R_5qaP9BcrGSW1O9a,,,,,41.2341,-96.169,anonymous,EN,0,0,4.642,0,1,15.425,15.425,16.594,1,5,2,5,5.037,12.334,13.489,4,17,5a69f41df10cdb0001b10329,11,6616a611b1d4fd89aac7dfaa,66170334617c09f9f245f7f8,11_Diamond2
2024-04-10 15:40,2024-04-10 15:40,0,71.58.76.117,100,28,1,2024-04-10 15:40,R_5BsAKRWrpsAIpll,,,,,40.7957,-77.8618,anonymous,EN,0,0,4.333,0,1,15.215,15.215,16.346,1,5,2,5,2.245,5.006,5.766,3,17,5f394ce53b053607008f4b74,11,6616a611b1d4fd89aac7dfaa,6617073d00dadcc6fcdce002,11_Diamond2
2024-04-10 17:14,2024-04-10 17:15,0,99.101.182.162,100,55,1,2024-04-10 17:15,R_5pZ62qzrzUfjhsI,,,,,41.7723,-87.9796,anonymous,EN,0,0,8.174,0,5,15.072,32.682,33.823,10,4,2,4,2,11.139,12.187,5,11,622ac616f7c72a6ab02d06b9,11,6616a611b1d4fd89aac7dfaa,66171d1e7a847632c50aeb23,11_Diamond2
2024-04-10 17:04,2024-04-10 17:04,0,73.204.13.139,100,31,1,2024-04-10 17:04,R_2QLuOP0yFW3Vkkv,,,,,26.718,-80.0989,anonymous,EN,0,0,3.208,0,1,14.636,14.636,15.617,1,2,2,1,2.352,10.008,10.585,6,10,65ff31eb0219bd3ae132c0c8,11,6616a611b1d4fd89aac7dfaa,66171aef554018847580c45a,11_Diamond2
2024-04-10 14:18,2024-04-10 14:19,0,76.150.203.199,100,55,1,2024-04-10 14:19,R_2iVlN4UxvaITC66,,,,,42.1643,-88.3124,anonymous,EN,0,0,29.373,0,1,14.422,14.422,15.691,1,4,2,5,3.372,6.034,6.875,3,16,5a95976f1ade740001b8cb2b,11,6616a611b1d4fd89aac7dfaa,6616f40b9011184cd7dbd8c7,11_Diamond2
2024-04-10 13:52,2024-04-10 13:52,0,71.86.50.144,100,27,1,2024-04-10 13:52,R_3psSr1uLO4c5ELx,,,,,38.812,-89.9627,anonymous,EN,0,0,3.1,0,1,13.869,13.869,15.052,1,5,2,5,0.002,5.483,8.154,4,17,5f63a44eab61a10c3fc59075,11,6616a611b1d4fd89aac7dfaa,6616ede061342a74196064d0,11_Diamond2
2024-04-10 15:26,2024-04-10 15:27,0,173.94.97.125,100,43,1,2024-04-10 15:27,R_7jVcHOYjqJA0ACh,,,,,36.1825,-79.8103,anonymous,EN,0,0,5.501,0,5,13.324,23.6,24.699,7,1,2,1,4.201,8.001,8.903,3,5,59d1e366faf42e00012b6c1c,11,6616a611b1d4fd89aac7dfaa,661703ea850294b7290f883f,11_Diamond2
2024-04-10 15:26,2024-04-10 15:27,0,73.65.8.50,100,21,1,2024-04-10 15:27,R_2EidogfK67Y6FyY,,,,,44.6713,-93.6195,anonymous,EN,0,0,1.253,0,2,12.917,12.917,13.907,1,5,2,5,1.983,3.768,4.555,3,16,5e7acbd0373d5e0c087a112c,11,6616a611b1d4fd89aac7dfaa,661703f5b7e65940e5c6f0d8,11_Diamond2
2024-04-10 16:06,2024-04-10 16:07,0,75.97.160.97,100,54,1,2024-04-10 16:07,R_2DchtBWxE8gaWid,,,,,41.0169,-76.8394,anonymous,EN,0,0,3.85,0,4,12.455,35.199,36.685,7,3,2,3,4.525,10.939,11.979,4,10,65f48503f9b5e6a629ba03c8,11,6616a611b1d4fd89aac7dfaa,66170d474144a13c3b0c8dab,11_Diamond2
2024-04-10 17:51,2024-04-10 17:52,0,99.22.140.17,100,29,1,2024-04-10 17:52,R_2hQh1cOqWfc1NQk,,,,,38.4957,-121.5348,anonymous,EN,0,0,3.372,0,1,12.193,12.193,14.769,1,5,2,5,2.247,7.054,8.119,5,17,5c395df5f5ebd50001850900,11,6616a611b1d4fd89aac7dfaa,66172602a57eaa2b5cd5a2b8,11_Diamond2
2024-04-10 15:17,2024-04-10 15:18,0,75.108.153.217,100,21,1,2024-04-10 15:18,R_52L1wfzW5T9NsTy,,,,,38.323,-81.664,anonymous,EN,0,0,1.95,0,1,11.862,11.862,13.143,1,4,2,5,2.274,4.457,5.091,4,16,5c525373e8fee700012f4c90,11,6616a611b1d4fd89aac7dfaa,661701eecbe16bba2c31d89d,11_Diamond2
2024-04-10 16:29,2024-04-10 16:30,0,50.43.148.186,100,76,1,2024-04-10 16:30,R_7FySiovBoMmc1gW,,,,,40.5912,-83.1258,anonymous,EN,0,0,5.917,0,4,11.795,48.497,49.342,6,3,2,2,5.661,19.545,20.237,4,9,6610a177f1857159ab6ff983,11,6616a611b1d4fd89aac7dfaa,661712ad0a495b9ca686cd17,11_Diamond2
2024-04-10 17:11,2024-04-10 17:12,0,73.48.222.166,100,26,1,2024-04-10 17:12,R_29vocknb3eIjqLR,,,,,38.7169,-121.3677,anonymous,EN,0,0,4.593,0,4,11.711,11.711,12.868,1,3,2,3,2.925,6.076,6.816,3,10,65cc2139907d390e13480a97,11,6616a611b1d4fd89aac7dfaa,66171caa01681e4bb7a307fb,11_Diamond2
2024-04-10 16:18,2024-04-10 16:19,0,162.17.89.133,100,51,1,2024-04-10 16:19,R_14kjs6HfQfGNOpF,,,,,38.548,-121.4597,anonymous,EN,0,0,3.678,0,1,11.698,37.546,38.096,11,5,2,5,4.579,6.85,7.435,5,17,5f5e32a0d6a12c6857b8e127,11,6616a611b1d4fd89aac7dfaa,6617102a0e37da0dc699ba8e,11_Diamond2
2024-04-10 16:59,2024-04-10 17:00,0,72.219.79.113,100,54,1,2024-04-10 17:00,R_79mt1oa8F8ufFMT,,,,,33.6128,-117.6622,anonymous,EN,0,0,5.501,0,1,11.672,28.359,29.497,9,4,2,4,6.028,16.312,17.98,6,15,648729d9ccceeabf94fa2000,11,6616a611b1d4fd89aac7dfaa,661719c5252cd202424d0712,11_Diamond2
2024-04-10 15:19,2024-04-10 15:20,0,99.62.160.55,100,48,1,2024-04-10 15:20,R_3SwXgzDonepWjEJ,,,,,38.5434,-90.0351,anonymous,EN,0,0,1.082,0,2,11.65,35.228,35.629,7,4,2,5,6.901,9.801,10.523,3,15,615eff7c4b10c65cfda7a4a2,11,6616a611b1d4fd89aac7dfaa,6617024eef5ff84605f43f3b,11_Diamond2
2024-04-10 18:15,2024-04-10 18:16,0,174.216.52.226,100,51,1,2024-04-10 18:16,R_7i9c19HFdgpi85S,,,,,39.9195,-75.1565,anonymous,EN,0,0,4.988,0,1,11.438,27.822,28.875,11,3,2,2,6.104,11.928,14.155,3,12,5fee08bb8e8e87bd6a346e90,11,6616a611b1d4fd89aac7dfaa,66172b96252cd202424d0b21,11_Diamond2
2024-04-10 13:56,2024-04-10 13:57,0,98.96.123.25,100,34,1,2024-04-10 13:57,R_3DNpP1Xldks4OpP,,,,,30.2121,-95.5263,anonymous,EN,0,0,4.917,0,2,11.416,11.416,14.059,1,2,2,2,7.394,13.11,14.34,3,10,65ada6e68a55fce62429015e,11,6616a611b1d4fd89aac7dfaa,6616eede71a82418f9bc7e7d,11_Diamond2
2024-04-10 17:57,2024-04-10 17:58,0,172.56.15.65,100,31,1,2024-04-10 17:58,R_3Ejfxgrk2w0SSuK,,,,,29.7638,-95.4924,anonymous,EN,0,0,3.848,0,4,10.884,15.894,16.533,6,4,2,3,2.467,6.208,6.89,3,11,5f3153a6180dcf0d8dd72a45,11,6616a611b1d4fd89aac7dfaa,6617268736fc70d7da6dacc7,11_Diamond2
2024-04-10 16:14,2024-04-10 16:14,0,108.231.47.239,100,24,1,2024-04-10 16:14,R_2WOv1Sgo6VVgnCX,,,,,35.8974,-83.9425,anonymous,EN,0,0,2.817,0,4,10.797,10.797,11.685,1,4,2,4,2.685,5.786,6.774,4,12,611c0f606e7c5373600b2943,11,6616a611b1d4fd89aac7dfaa,66170f1a0e37da0dc699ba5a,11_Diamond2
2024-04-10 19:04,2024-04-10 19:06,0,70.41.160.161,100,64,1,2024-04-10 19:06,R_6G2ty4qprPzZ4cr,,,,,32.313,-93.8852,anonymous,EN,0,0,29.727,0,2,10.627,10.627,11.58,1,3,2,4,2.596,6.094,6.824,3,13,5f32e17a994ab90905935b3a,11,6616a611b1d4fd89aac7dfaa,6617369436fc70d7da6db0ee,11_Diamond2
2024-04-10 17:33,2024-04-10 17:37,0,24.28.161.53,100,221,1,2024-04-10 17:37,R_7G0Vip1JcGZmKlC,,,,,31.6629,-106.1371,anonymous,EN,0,0,201.95,0,3,10.552,10.552,11.179,1,2,2,5,3.746,5.65,6.263,3,12,6298df7da7b45df1b730d3aa,11,6616a611b1d4fd89aac7dfaa,6617214d7a847632c50aec1f,11_Diamond2
2024-04-10 16:33,2024-04-10 16:34,0,24.61.194.5,100,31,1,2024-04-10 16:34,R_7F4ycIBB7oFDbgs,,,,,42.5945,-71.3571,anonymous,EN,0,0,1.055,0,1,10.463,18.888,19.956,7,5,2,5,1.619,7.689,8.699,6,17,5fc545d64f24c403b68c5368,11,6616a611b1d4fd89aac7dfaa,661713a6d9ba2e3cc666db37,11_Diamond2
2024-04-10 18:00,2024-04-10 18:01,0,104.202.197.99,100,23,1,2024-04-10 18:01,R_5ufTsBxE5Ayo9pL,,,,,33.1238,-97.0275,anonymous,EN,0,0,4.756,0,1,10.319,10.319,11.295,1,5,2,5,3.047,4.99,5.678,3,17,5ba9873edd59150001384069,11,6616a611b1d4fd89aac7dfaa,66172825f39c0d4f6b371868,11_Diamond2
2024-04-10 15:53,2024-04-10 15:56,0,68.189.4.163,100,187,1,2024-04-10 15:56,R_7AFqq9POqWIonar,,,,,35.168,-120.4644,anonymous,EN,0,0,16.4,0,1,10.153,10.153,14.73,1,4,2,4,2.033,3.346,154.782,3,15,60bd88b8fc436774352f53b9,11,6616a611b1d4fd89aac7dfaa,66170a40c24fdb22bb6da5e0,11_Diamond2
2024-04-10 17:55,2024-04-10 17:55,0,68.9.211.166,100,22,1,2024-04-10 17:55,R_2yGdhn0jFK7S6I1,,,,,41.7756,-71.3568,anonymous,EN,0,0,1.445,0,1,10.127,10.127,12.567,1,4,2,5,2.562,4.994,6.07,3,16,606e520c44388f69e35b054f,11,6616a611b1d4fd89aac7dfaa,661726e6bdf3838dd590d9c2,11_Diamond2
2024-04-10 18:30,2024-04-10 18:33,0,47.150.138.220,100,170,1,2024-04-10 18:33,R_1t0ESlYWV3VXR4t,,,,,34.4179,-117.3064,anonymous,EN,84.221,84.221,150.802,1,5,10.097,11.081,12.617,2,4,2,5,2.541,4.321,5.156,3,12,5c4ea7c3889752000156ddc5,11,6616a611b1d4fd89aac7dfaa,66172c39f639f67754d5a344,11_Diamond2
2024-04-10 18:08,2024-04-10 18:09,0,76.216.121.125,100,42,1,2024-04-10 18:09,R_7rDyRykhobZ5bYi,,,,,33.9733,-84.2231,anonymous,EN,0,0,5.564,0,2,9.967,25.992,26.867,6,4,2,5,4.234,8.567,9.235,3,15,6598c280db248e4eefa054d0,11,6616a611b1d4fd89aac7dfaa,661729e3a0cada45ab7df690,11_Diamond2
2024-04-10 15:57,2024-04-10 15:58,0,108.29.193.36,100,18,1,2024-04-10 15:58,R_3wTTTIhDGRXPLk6,,,,,40.7828,-73.9745,anonymous,EN,0,0,0.99,0,1,9.895,9.895,10.737,1,5,2,4,2.367,5.315,5.574,4,16,65eb4bf83cd8843ed9896ba3,11,6616a611b1d4fd89aac7dfaa,66170b4cea63bde1ad7f8773,11_Diamond2
2024-04-10 17:01,2024-04-10 17:02,0,68.10.175.84,100,56,1,2024-04-10 17:02,R_1MaJsmITuayCnuN,,,,,37.0453,-76.3404,anonymous,EN,0,0,6.36,0,1,9.715,29.159,31.051,4,3,2,5,7.065,15.546,16.491,4,15,63e891d4658dea6e9aa9f7e5,11,6616a611b1d4fd89aac7dfaa,66171a20a0cada45ab7df321,11_Diamond2
2024-04-10 16:25,2024-04-10 16:25,0,174.141.150.150,100,27,1,2024-04-10 16:25,R_75J9Q3FphB5ogPT,,,,,26.92,-80.0785,anonymous,EN,0,0,3.981,0,2,9.526,12.712,13.699,3,4,2,4,4.619,7.088,8.239,3,14,5c2fc98237733700013b646b,11,6616a611b1d4fd89aac7dfaa,661711b92911f89c6e2934d9,11_Diamond2
2024-04-10 14:01,2024-04-10 14:02,0,73.193.195.92,100,85,1,2024-04-10 14:02,R_2gKbw7rlLQWF05P,,,,,39.9484,-74.9875,anonymous,EN,0,0,3.025,0,1,9.423,16.837,20.489,4,4,2,4,56.156,59.359,59.872,4,15,558980cdfdf99b7ae47f5a75,11,6616a611b1d4fd89aac7dfaa,6616f00300dadcc6fcdcdc3b,11_Diamond2
2024-04-10 19:16,2024-04-10 19:17,0,35.129.100.76,100,30,1,2024-04-10 19:17,R_2uHUjWqN7Kl7sB4,,,,,34.2423,-117.2748,anonymous,EN,0,0,3.902,0,5,9.117,14.646,15.049,4,5,2,5,2.029,4.826,5.301,3,13,5e5e623737be5e1762ad4418,11,6616a611b1d4fd89aac7dfaa,661739bad43d965bdb91f584,11_Diamond2
2024-04-10 15:20,2024-04-10 15:21,0,162.142.63.109,100,29,1,2024-04-10 15:21,R_1ans91pUA4byMAn,,,,,40.4236,-105.0935,anonymous,EN,0,0,3.368,0,2,8.965,8.965,19.98,1,5,2,5,1.88,3.679,4.422,3,16,5bef41fa54277d000114d6ad,11,6616a611b1d4fd89aac7dfaa,66170283d659f18714af10a6,11_Diamond2
2024-04-10 14:07,2024-04-10 14:08,0,162.129.252.234,100,34,1,2024-04-10 14:08,R_12hECBxAi9tF4tk,,,,,39.2891,-76.5583,anonymous,EN,0,0,2.086,0,2,8.851,23.92,24.628,6,4,2,4,3.213,5.889,6.6,4,14,5da8c5381d32d70017b1f490,11,6616a611b1d4fd89aac7dfaa,6616f17588de00512f02b208,11_Diamond2
2024-04-10 17:06,2024-04-10 17:07,0,72.219.43.104,100,28,1,2024-04-10 17:07,R_2QWpMQKSVYkj6o4,,,,,30.4042,-91.1431,anonymous,EN,0,0,3.071,0,1,8.655,14.332,15.232,5,5,2,5,3.067,6.928,8.427,4,17,6008ead6a9902d5b15e7b688,11,6616a611b1d4fd89aac7dfaa,66171b72cbe16bba2c31dd50,11_Diamond2
2024-04-10 18:42,2024-04-10 18:44,0,74.79.209.97,100,78,1,2024-04-10 18:44,R_3j6c0u8nRgyT3ZF,,,,,42.9285,-76.5591,anonymous,EN,0,0,33.52,0,2,8.518,31.82,33.885,4,4,2,5,2.869,5.877,7.356,3,15,56e225c2ec0fdd000641e72d,11,6616a611b1d4fd89aac7dfaa,661731a99f30b7c9a77dfa95,11_Diamond2
2024-04-10 16:57,2024-04-10 16:57,0,68.82.7.110,100,19,1,2024-04-10 16:57,R_1uVCExMxMQmPr0g,,,,,40.0782,-75.1299,anonymous,EN,0,0,0.983,0,1,8.455,11.1,11.282,4,4,2,4,1.799,3.99,4.061,4,15,620bdc9ca922fc3f247f6a6f,11,6616a611b1d4fd89aac7dfaa,66171944a1e00d1b9186c710,11_Diamond2
2024-04-10 17:21,2024-04-10 17:22,0,71.178.189.242,100,45,1,2024-04-10 17:22,R_7O7eMZgPkCHrUh8,,,,,38.8574,-77.1,anonymous,EN,0,0,10.701,0,1,8.424,23.038,24.071,4,4,2,4,3.346,7.887,8.924,4,15,60fd90f9be1c198c73a17624,11,6616a611b1d4fd89aac7dfaa,66171ef292dd647160781025,11_Diamond2
2024-04-10 16:45,2024-04-10 16:46,0,174.214.16.254,100,33,1,2024-04-10 16:46,R_3cusHuxePajkfw6,,,,,47.6034,-122.3414,anonymous,EN,1.54,1.54,3.1,1,1,8.301,14.208,15.334,2,5,2,5,5.277,10.777,11.503,3,17,5a147e755d06850001b00937,11,6616a611b1d4fd89aac7dfaa,6617167901681e4bb7a306b6,11_Diamond2
2024-04-10 16:35,2024-04-10 16:36,0,73.207.149.206,100,19,1,2024-04-10 16:36,R_7UclnhUqPdopPAB,,,,,33.6926,-84.2509,anonymous,EN,0,0,1.368,0,4,8.058,8.058,8.778,1,3,2,4,3.12,4.672,5.079,3,11,5e8a1827052175000938eb91,11,6616a611b1d4fd89aac7dfaa,66171441617c09f9f245fb0d,11_Diamond2
2024-04-10 17:50,2024-04-10 17:51,0,35.151.143.143,100,57,1,2024-04-10 17:51,R_2s0E4QsA656n2Gs,,,,,35.6096,-88.8143,anonymous,EN,0,0,5.272,0,3,7.772,33.657,34.752,4,3,2,2,6.264,14.07,15.138,4,10,66046b3303a81da866d46ddf,11,6616a611b1d4fd89aac7dfaa,6617259456b2e50507ff066d,11_Diamond2
2024-04-10 16:09,2024-04-10 16:10,0,64.82.180.42,100,47,1,2024-04-10 16:10,R_1W78GRcqUysnYjL,,,,,34.4833,-89.0075,anonymous,EN,0,0,4.493,0,4,7.293,30.052,30.771,15,4,2,4,3.901,8.002,8.5,6,12,59dc4083ae9f950001d83b4b,11,6616a611b1d4fd89aac7dfaa,66170e11e2867f3854c2444f,11_Diamond2
2024-04-10 16:26,2024-04-10 16:28,0,207.5.15.144,100,69,1,2024-04-10 16:28,R_2CRpPCbH8VJ7GN3,,,,,32.4301,-80.6694,anonymous,EN,0,0,22.249,0,2,6.868,8.982,9.915,3,4,2,5,21.031,23.965,24.415,5,15,651dc3d05cac9714062c2034,11,6616a611b1d4fd89aac7dfaa,661711aa99ca698ed799badb,11_Diamond2
2024-04-10 15:14,2024-04-10 15:15,0,174.208.45.63,100,48,1,2024-04-10 15:15,R_2kCtiCoknRbIdIR,,,,,42.8354,-78.7573,anonymous,EN,0,0,2.848,0,5,6.541,32.014,32.82,10,4,2,4,2.972,8.254,8.737,5,11,5e2a079b3d8aa107066c51c6,11,6616a611b1d4fd89aac7dfaa,6617010f65264a0308a3014f,11_Diamond2
2024-04-10 18:33,2024-04-10 18:33,0,66.244.93.236,100,29,1,2024-04-10 18:33,R_3eTacY9teOi8tH3,,,,,39.1963,-86.5776,anonymous,EN,0,0,2.186,0,1,6.304,16.639,17.636,12,4,2,5,2.564,7.86,8.43,5,16,65cc26e058b74649b3cd9517,11,6616a611b1d4fd89aac7dfaa,66172fb7e846d11d7f7b3c43,11_Diamond2
2024-04-10 16:18,2024-04-10 16:18,0,107.198.8.161,100,22,1,2024-04-10 16:18,R_1IRPLEZdjHu7knn,,,,,33.0024,-117.2128,anonymous,EN,0,0,2.018,0,2,6.238,11.364,12.208,3,4,2,4,3.305,6.302,6.859,4,14,6533cda31746894c5e981a84,11,6616a611b1d4fd89aac7dfaa,6617102b2699d72980ed0522,11_Diamond2
2024-04-10 15:36,2024-04-10 15:37,0,208.196.103.207,100,52,1,2024-04-10 15:37,R_2jd1OFbdSeMDdjb,,,,,35.9875,-84.1168,anonymous,EN,0,0,5.123,0,5,6.213,26.851,28.267,3,5,2,4,2.7,6.189,7.536,4,12,628e4993121877fe4ae59f29,11,6616a611b1d4fd89aac7dfaa,6617058571a82418f9bc8320,11_Diamond2
2024-04-10 15:15,2024-04-10 15:15,0,71.78.23.147,100,12,1,2024-04-10 15:15,R_7VRb9d4gmSXou1E,,,,,32.926,-96.9666,anonymous,EN,0,0,0.824,0,4,6.091,6.091,6.575,1,4,2,4,2.291,3.253,3.602,3,12,5ede9f90fec542124bb8e167,11,6616a611b1d4fd89aac7dfaa,66170156554018847580c055,11_Diamond2
2024-04-10 14:24,2024-04-10 14:24,0,67.171.144.17,100,19,1,2024-04-10 14:24,R_44uDFnBZrZxwiFs,,,,,45.4508,-122.7941,anonymous,EN,0,0,1.81,0,3,6.054,6.054,6.663,1,4,2,4,5.584,7.638,8.328,4,13,59107216127b0b00011fabea,11,6616a611b1d4fd89aac7dfaa,6616f570b5024c13df19df40,11_Diamond2
2024-04-10 14:38,2024-04-10 14:38,0,70.22.167.140,100,35,1,2024-04-10 14:38,R_3NgqASEEOyVa8BW,,,,,42.747,-73.7527,anonymous,EN,0,0,2.745,0,1,6.051,19.683,21.186,10,4,2,5,2.983,7.916,9.24,8,16,5be4af2d8306570001933076,11,6616a611b1d4fd89aac7dfaa,6616f89f252cd202424d009b,11_Diamond2
2024-04-10 17:25,2024-04-10 17:25,0,174.101.134.55,100,31,1,2024-04-10 17:25,R_5HjArALXXIlbZTc,,,,,39.139,-84.4296,anonymous,EN,0,0,4.205,0,1,5.427,17.524,18.325,5,4,2,4,2.179,3.575,5.751,4,15,6111a1893c0daa13e23ab15a,11,6616a611b1d4fd89aac7dfaa,66171f9e488493cce8e922b8,11_Diamond2
2024-04-10 15:28,2024-04-10 15:29,0,174.100.193.72,100,42,1,2024-04-10 15:29,R_2p2VSRpAlCah5oa,,,,,41.4712,-81.5248,anonymous,EN,23.214,23.214,24.002,1,1,5.413,7.015,9.229,2,5,2,5,2.227,5.761,6.92,3,17,5de7b588ff15c2a06658dd1d,11,6616a611b1d4fd89aac7dfaa,6617047ed0db7cf2c6a2b1b2,11_Diamond2
2024-04-10 15:42,2024-04-10 15:43,0,68.1.124.29,100,34,1,2024-04-10 15:43,R_2odVXy62lMbtoUa,,,,,30.4132,-87.3138,anonymous,EN,0,0,5.138,0,2,5.254,19.147,20.622,4,4,2,4,2.357,5.229,5.873,3,14,62f8f9a33bc7d6d2915ea840,11,6616a611b1d4fd89aac7dfaa,661707ce8bdd4ff53880c1b3,11_Diamond2
2024-04-10 15:09,2024-04-10 15:09,0,108.250.113.62,100,36,1,2024-04-10 15:09,R_5PGGPOwhnkz6NjS,,,,,37.4395,-87.4704,anonymous,EN,0,0,3.3,0,1,5.227,19.74,22.518,8,4,2,5,2.079,5.877,6.521,5,16,5d3df9b23bf3780015abf56f,11,6616a611b1d4fd89aac7dfaa,6616ffec850294b7290f878b,11_Diamond2
2024-04-10 14:32,2024-04-10 14:33,0,67.167.244.4,100,96,1,2024-04-10 14:33,R_1Tgc9U9nW2U3Yml,,,,,42.0107,-87.6657,anonymous,EN,6.089,11.423,12.379,3,2,4.666,37.441,64.97,3,4,2,5,4.019,7.753,17.809,3,15,656d3cf5c7a413e298817922,11,6616a611b1d4fd89aac7dfaa,6616f742f835d4bb1578097a,11_Diamond2
2024-04-10 18:42,2024-04-10 18:43,0,174.245.92.32,100,55,1,2024-04-10 18:43,R_7tscrW2gI6Gbjjo,,,,,35.2316,-80.8428,anonymous,EN,0,0,5.477,0,4,4.663,32.099,33.001,12,4,2,5,5.877,13.751,14.522,4,13,65771e20ba4688b962e89cbb,11,6616a611b1d4fd89aac7dfaa,661731c3d6967636567f8f83,11_Diamond2
2024-04-10 18:25,2024-04-10 18:26,0,172.58.251.62,100,46,1,2024-04-10 18:26,R_5VyAn3Sepopkb68,,,,,35.2369,-80.8957,anonymous,EN,0,0,5.291,0,5,4.568,16.117,17.149,8,3,2,1,6.533,9.599,11.753,3,7,63f5bd2234dd912255ca17c8,11,6616a611b1d4fd89aac7dfaa,66172dcb7fc752e94c460042,11_Diamond2
2024-04-10 16:24,2024-04-10 16:24,0,174.199.39.0,100,30,1,2024-04-10 16:24,R_54pK0atATT7A6LC,,,,,44.9618,-93.2638,anonymous,EN,0,0,2.556,0,5,4.468,4.677,9.046,2,5,2,5,1.997,10.554,11.424,17,13,66068b5231b1940a490d59dc,11,6616a611b1d4fd89aac7dfaa,6617117a23056ded9be91f81,11_Diamond2
2024-04-10 14:38,2024-04-10 14:39,0,174.207.36.169,100,61,1,2024-04-10 14:39,R_2vk9CoJHdAr0Smv,,,,,40.0827,-82.921,anonymous,EN,0,0,2.493,0,5,4.332,29.977,30.626,15,4,2,4,4.264,8.368,9.437,4,11,647e208b034b5ab3a4c837a8,11,6616a611b1d4fd89aac7dfaa,6616f80af0eb14f582c60770,11_Diamond2
2024-04-10 18:55,2024-04-10 18:56,0,174.229.27.195,100,46,1,2024-04-10 18:56,R_1O3pZIEVmYdptUY,,,,,33.5226,-86.8033,anonymous,EN,0,0,6,0,2,4.325,22.23,23.223,8,3,2,4,4.489,11.837,12.401,5,13,65fc04fd017e6951d556d516,11,6616a611b1d4fd89aac7dfaa,66173507a26801f36df20509,11_Diamond2
2024-04-10 14:35,2024-04-10 14:35,0,172.59.137.104,100,28,1,2024-04-10 14:35,R_3cOYxI4mIiuR4TD,,,,,40.4236,-79.9825,anonymous,EN,0,0,3.082,0,1,3.898,10.01,11.157,4,4,2,5,2.447,7.772,9.129,4,16,5c7d6064f066ff001468d0f5,11,6616a611b1d4fd89aac7dfaa,6616f7f2e7aa81fbd60dfb08,11_Diamond2
2024-04-10 15:33,2024-04-10 15:34,0,172.115.87.70,100,22,1,2024-04-10 15:34,R_5wED6iWVMsTrQgV,,,,,34.11,-117.2955,anonymous,EN,0,0,3.532,0,1,3.893,3.893,10.326,1,5,2,5,1.945,5.54,6.407,3,17,5ffb8c5b60571908f3ac19fa,11,6616a611b1d4fd89aac7dfaa,661705b34328cafb30ea7fa3,11_Diamond2
2024-04-10 16:12,2024-04-10 16:12,0,204.102.76.164,100,17,1,2024-04-10 16:12,R_3GkhQQhJM1anYGt,,,,,37.9043,-122.0584,anonymous,EN,0,0,1.175,0,2,3.86,9.556,10.505,4,5,2,5,1.472,3.264,3.79,4,16,610e9c38e56e8c8d463ff8d8,11,6616a611b1d4fd89aac7dfaa,66170ec1f8512b83076af748,11_Diamond2
2024-04-10 14:58,2024-04-10 14:59,0,73.90.201.118,100,74,1,2024-04-10 14:59,R_1p4mlXCooETlGLf,,,,,38.5559,-121.7391,anonymous,EN,0,0,4.137,0,2,3.63,4.373,6.348,2,3,2,4,59.471,62.198,62.689,4,13,65ee434eaa1aed668c84eb70,11,6616a611b1d4fd89aac7dfaa,6616fd6f9f0b8ad5b4002c80,11_Diamond2
2024-04-10 15:55,2024-04-10 15:55,0,66.41.19.181,100,14,1,2024-04-10 15:55,R_5fCxGH6gqULGkWa,,,,,45.0116,-93.0351,anonymous,EN,0,0,2.38,0,2,3.211,3.211,4.267,1,4,2,5,1.733,4.926,5.702,3,15,6474a3bea5c73f10d2742769,11,6616a611b1d4fd89aac7dfaa,66170abd812012bfd17b3684,11_Diamond2
2024-04-10 15:11,2024-04-10 15:12,0,107.77.229.95,100,68,1,2024-04-10 15:12,R_5DYxejUYDJXpKAL,,,,,33.9883,-118.3294,anonymous,EN,0,0,11.84,0,2,2.948,39.863,40.661,14,3,2,3,3.584,10.776,12.026,4,12,65ece7276520f931963292b2,11,6616a611b1d4fd89aac7dfaa,66170074e846d11d7f7b32b0,11_Diamond2
2024-04-10 17:47,2024-04-10 17:47,0,96.8.30.128,100,28,1,2024-04-10 17:47,R_317zIcHCr7k1dj3,,,,,26.1486,-80.2768,anonymous,EN,0,0,3.882,0,2,2.757,15.455,16.186,2,4,2,5,4.063,5.776,6.156,3,15,5c6efe3a04b76500015f9756,11,6616a611b1d4fd89aac7dfaa,661724f527af7b6595bd32a2,11_Diamond2
2024-04-10 14:09,2024-04-10 14:10,0,174.216.209.3,100,52,1,2024-04-10 14:10,R_2xxRsGeQM0Toqyh,,,,,40.6739,-73.9358,anonymous,EN,0,0,4,0,4,2.651,24.571,25.045,5,4,2,5,5.666,19.65,20.069,10,13,65f647c74af96460db093800,11,6616a611b1d4fd89aac7dfaa,6616f17f2911f89c6e292f2c,11_Diamond2
2024-04-10 17:17,2024-04-10 17:18,0,70.92.173.177,100,17,1,2024-04-10 17:18,R_2fv030XsWNu5TY5,,,,,42.9016,-88.0095,anonymous,EN,0,0,1.1,0,2,2.33,7.72,8.524,5,5,2,5,1.923,3.968,4.698,4,16,64401b5576e7ee7ff9dc040d,11,6616a611b1d4fd89aac7dfaa,66171e10e9ad9027ef3b085f,11_Diamond2
2024-04-10 15:42,2024-04-10 15:42,0,35.144.90.155,100,58,1,2024-04-10 15:42,R_1wFwCaEJhEtOLHd,,,,,38.5491,-90.1601,anonymous,EN,0,0,4.062,0,4,2.322,39.572,40.074,5,4,2,5,5.173,10.328,10.969,4,13,615de5ffd3c522eef3c49556,11,6616a611b1d4fd89aac7dfaa,661707831824cc47fe7b1057,11_Diamond2
2024-04-10 17:44,2024-04-10 17:45,0,192.198.57.227,100,13,1,2024-04-10 17:45,R_1mCqgjtcPQUGnMO,,,,,38.7613,-85.4066,anonymous,EN,0,0,1.063,0,5,2.194,4.721,5.842,2,4,2,4,1.982,4.182,4.645,4,11,636148a83d7a7c349bb08436,11,6616a611b1d4fd89aac7dfaa,6617246af835d4bb1578128c,11_Diamond2
2024-04-10 15:25,2024-04-10 15:25,0,71.32.149.86,100,16,1,2024-04-10 15:25,R_3fjJJNWZiUL3wsb,,,,,40.9928,-87.1067,anonymous,EN,0,0,2.031,0,4,2.175,3.466,6.679,4,3,2,3,1.872,4.366,5.549,4,10,5e1371f92b12bd9a96c2d902,11,6616a611b1d4fd89aac7dfaa,661703b88c834c0664e42fd4,11_Diamond2
2024-04-10 14:53,2024-04-10 14:54,0,74.70.84.173,100,62,1,2024-04-10 14:54,R_2dgCrCN9eUvA0QC,,,,,42.7273,-73.6696,anonymous,EN,0,0,6.253,0,2,2.104,39.058,40.48,2,4,2,2,6.417,11.273,13.244,3,12,5f8bb3a1eb9d442f36abe7d9,11,6616a611b1d4fd89aac7dfaa,6616fc3b94235898523f022d,11_Diamond2
2024-04-10 14:50,2024-04-10 14:52,0,70.108.27.201,100,76,1,2024-04-10 14:52,R_1HosazDzdDPk8Vz,,,,,38.9307,-77.1673,anonymous,EN,0,0,8.032,0,4,1.923,57.14,58.361,5,4,2,4,3.362,5.279,6.196,4,12,5a6f60e4efd3a7000120f057,11,6616a611b1d4fd89aac7dfaa,6616fb68f15d6ac34ca9bd23,11_Diamond2
2024-04-10 15:39,2024-04-10 15:39,0,68.103.131.132,100,59,1,2024-04-10 15:39,R_55BCANpktQbz9zR,,,,,38.3746,-97.673,anonymous,EN,5.323,6.239,7.647,2,2,1.89,40.324,41.012,3,2,2,1,2.224,5.784,7.74,4,9,608bfa04767191aa4d57bfd8,11,6616a611b1d4fd89aac7dfaa,661706e84e318e0bcb0f8907,11_Diamond2
2024-04-10 16:10,2024-04-10 16:10,0,174.225.48.35,100,30,1,2024-04-10 16:10,R_5ixOJp7qTduRVyu,,,,,37.2348,-79.9464,anonymous,EN,0,0,1.484,0,4,1.89,16.872,17.104,12,3,2,3,2.904,6.416,7.371,3,10,651f0d6c26e75447ae818a36,11,6616a611b1d4fd89aac7dfaa,66170e3b488493cce8e91f24,11_Diamond2
2024-04-10 15:56,2024-04-10 15:56,0,47.217.149.243,100,50,1,2024-04-10 15:56,R_2Xaii4S2ylLElaN,,,,,35.7445,-95.3451,anonymous,EN,2.575,3.689,4.302,4,3,1.858,28.374,31.342,5,2,2,5,3.009,6.05,11.967,5,12,55b424e1fdf99b526efcf8d0,11,6616a611b1d4fd89aac7dfaa,66170a913d7de68d9ba9be3f,11_Diamond2
2024-04-10 15:06,2024-04-10 15:06,0,98.45.205.220,100,19,1,2024-04-10 15:06,R_7g02yf6YVI1PPl9,,,,,37.7506,-122.4121,anonymous,EN,0,0,2.213,0,1,1.708,8.492,10.547,3,5,2,5,2.581,4.613,5.154,3,17,6036b0ed3d54aab7c5dc3c04,11,6616a611b1d4fd89aac7dfaa,6616ff519d6bd047bf4cd7ef,11_Diamond2
2024-04-10 16:04,2024-04-10 16:05,0,50.53.28.53,100,47,1,2024-04-10 16:05,R_2LNb8z1aqpoO7gN,,,,,45.5152,-122.4167,anonymous,EN,0,0,1.144,0,4,1.577,11.437,12.676,9,4,2,4,2.581,4.457,31.783,3,12,6029b0e17f3b5d944ab183f1,11,6616a611b1d4fd89aac7dfaa,66170cd05c37186f3f315435,11_Diamond2
2024-04-10 16:32,2024-04-10 16:32,0,98.149.8.66,100,32,1,2024-04-10 16:32,R_7ARLdzqU7XjrJPi,,,,,33.7518,-117.9932,anonymous,EN,0,0,3,0,3,1.527,20.731,22.271,3,4,2,5,2.426,4.89,5.513,3,14,660853b2258943764a2a365b,11,6616a611b1d4fd89aac7dfaa,66171368b16f01f494afd841,11_Diamond2
2024-04-10 15:52,2024-04-10 15:53,0,98.58.82.32,100,47,1,2024-04-10 15:53,R_3xMeY80dy7fp3zr,,,,,26.4965,-81.8206,anonymous,EN,0,0,3.759,0,1,1.375,31.695,32.344,12,4,2,5,3.498,8.173,8.6,3,16,6483f9ebf7986bdbdbc0598c,11,6616a611b1d4fd89aac7dfaa,66170a0caeef1c6c1fe42f4f,11_Diamond2
2024-04-10 15:05,2024-04-10 15:05,0,172.56.169.196,100,37,1,2024-04-10 15:05,R_7EfZrwxrkYLsspp,,,,,38.6226,-121.3885,anonymous,EN,0,0,1.383,0,1,1.098,19.545,20.617,7,5,2,4,2.342,10.38,11.171,4,16,56bd7bf3d4e2180005a86846,11,6616a611b1d4fd89aac7dfaa,6616fef8b6d245ef8eeb60dc,11_Diamond2
2024-04-10 14:45,2024-04-10 14:46,0,23.119.175.212,100,42,1,2024-04-10 14:46,R_5n91AR90SaPqKs3,,,,,29.6918,-95.6526,anonymous,EN,0,0,3.64,0,5,1.02,18.521,23.845,2,2,2,2,5.108,12.988,13.45,4,7,628e24c80b3e2b2e0d7a5af1,11,6616a611b1d4fd89aac7dfaa,6616f803bb9b8729f66019f1,11_Diamond2
2024-04-10 14:42,2024-04-10 14:43,0,108.93.145.223,100,51,1,2024-04-10 14:43,R_7IXdxUFDUlMnWPI,,,,,34.0297,-84.1469,anonymous,EN,0,0,8.16,0,5,0.976,33.148,34.079,2,4,2,4,3.567,7.299,8.198,3,11,65c116106c65fd9357ae3ada,11,6616a611b1d4fd89aac7dfaa,6616f99c252cd202424d00b3,11_Diamond2
2024-04-10 18:51,2024-04-10 18:52,0,47.38.73.2,100,17,1,2024-04-10 18:52,R_2OHtRmMiqO7SAku,,,,,35.5055,-82.9912,anonymous,EN,0,0,1.326,0,5,0.864,7.132,7.55,5,4,2,4,1.881,4.439,4.838,3,11,5e86c320939b3030601f7fcb,11,6616a611b1d4fd89aac7dfaa,6617341f443c6660e97fb2b1,11_Diamond2
2024-04-10 18:18,2024-04-10 18:18,0,159.250.70.213,100,25,1,2024-04-10 18:18,R_2mg8LkNXFhqvvEG,,,,,41.0517,-75.5375,anonymous,EN,0,0,2.425,0,3,0.631,7.273,8.746,4,4,2,4,5.605,10.246,11.022,4,13,654baed0e78979b0b3ffa10c,11,6616a611b1d4fd89aac7dfaa,66172c2483b77849ef862007,11_Diamond2
2024-04-10 17:23,2024-04-10 17:24,0,204.15.26.91,100,21,1,2024-04-10 17:24,R_2bZ49tvO5PCtRIl,,,,,43.0812,-89.3845,anonymous,EN,0,0,2.943,0,2,0.604,7.918,9.304,5,4,2,4,3.524,6.08,6.827,3,14,65cf88a1a3887a237da61f94,11,6616a611b1d4fd89aac7dfaa,66171f747a847632c50aeb9e,11_Diamond2
2024-04-10 13:43,2024-04-10 13:44,0,68.101.30.215,100,87,1,2024-04-10 13:44,R_28nr5jcpnTzALuh,,,,,30.7806,-86.4965,anonymous,EN,0,0,10.508,0,4,38.535,51.2,54.657,3,4,2,2,4.559,11.127,19.341,3,10,58cd449293499d00013488fe,11,6616a611b1d4fd89aac7dfaa,6616ebd1ba83000e77f9d8a2,11_Diamond1
2024-04-10 13:51,2024-04-10 13:52,0,173.76.199.212,100,45,1,2024-04-10 13:52,R_3Sf4UPjlYLYaiyz,,,,,42.2546,-71.4564,anonymous,EN,0,0,4.146,0,4,26.801,26.801,31.451,1,4,2,4,2.465,6.683,8.336,3,12,65b84788b0a24fc4e6fc33d4,11,6616a611b1d4fd89aac7dfaa,6616edc0b7e65940e5c6ed39,11_Diamond1
2024-04-10 13:58,2024-04-10 13:59,0,23.126.188.153,100,38,1,2024-04-10 13:59,R_61Y3Vw1EOAXRU1K,,,,,34.0915,-118.1307,anonymous,EN,0,0,3.096,0,1,1.524,25.586,27.935,7,4,2,5,2.122,4.833,5.285,3,16,65ac1f1f0cc1792287becdd7,11,6616a611b1d4fd89aac7dfaa,6616ee308461d4b49c31d544,11_Diamond1
2024-04-10 14:04,2024-04-10 14:05,0,76.122.10.47,100,42,1,2024-04-10 14:05,R_2docwOxLvWkCZFV,,,,,29.6669,-81.6579,anonymous,EN,0,0,6.846,0,2,24.524,24.524,26.001,1,4,2,5,4.256,6.615,7.58,3,15,645e7b6f73146e7738e162e7,11,6616a611b1d4fd89aac7dfaa,6616f0c2f217cf2d95a73f1f,11_Diamond1
2024-04-10 14:07,2024-04-10 14:08,0,104.182.104.183,100,22,1,2024-04-10 14:08,R_7PB1stLAbMxRBfz,,,,,29.7133,-95.4804,anonymous,EN,0,0,3.644,0,1,9.041,9.041,11.19,1,4,2,5,1.776,3.815,4.502,3,16,5e99277dbebef715e0d63f95,11,6616a611b1d4fd89aac7dfaa,6616f17f5e29f6ff5359cae1,11_Diamond1
2024-04-10 14:11,2024-04-10 14:12,0,174.29.89.18,100,36,1,2024-04-10 14:12,R_5siTfMmojSMBMqS,,,,,39.7067,-104.9694,anonymous,EN,0,0,1.885,0,1,22.191,22.191,26.006,1,4,2,4,2.753,5.708,6.465,3,15,660c580dbc397556d9eecb3c,11,6616a611b1d4fd89aac7dfaa,6616f262d4841a81db91e972,11_Diamond1
2024-04-10 14:16,2024-04-10 14:17,0,173.243.179.150,100,38,1,2024-04-10 14:17,R_5Oc9A5StPo1tT2V,,,,,39.1397,-86.5141,anonymous,EN,0,0,4.44,0,2,22.903,22.903,24.101,1,4,2,4,4.457,7.103,8.197,3,14,5f204669f76d642ec0e15267,11,6616a611b1d4fd89aac7dfaa,6616f39ffc751cc3c68613e4,11_Diamond1
2024-04-10 14:15,2024-04-10 14:17,0,24.208.130.216,100,120,1,2024-04-10 14:17,R_8En6cYhSXojiN1r,,,,,39.9072,-82.7553,anonymous,EN,0,0,12.089,0,3,5.339,79.626,81.587,3,5,2,5,6.984,20.145,21.866,4,15,55bd40a5fdf99b46824c84d6,11,6616a611b1d4fd89aac7dfaa,6616f32f51f61b24642fbb19,11_Diamond1
2024-04-10 14:20,2024-04-10 14:21,0,172.103.86.105,100,38,1,2024-04-10 14:21,R_3n5lSb3DfhbtN3r,,,,,33.2124,-97.066,anonymous,EN,0,0,1.832,0,3,26.423,28.256,29.297,2,4,2,4,2.249,4.583,5.322,3,13,610047b91150f99de033112c,11,6616a611b1d4fd89aac7dfaa,6616f492bbac762b031ce5d1,11_Diamond1
2024-04-10 14:25,2024-04-10 14:26,0,172.58.253.80,100,70,1,2024-04-10 14:26,R_5bZ5CIhT1sgAvG0,,,,,35.2916,-80.8201,anonymous,EN,0,0,2.997,0,2,54.902,54.902,56.77,1,4,2,1,4.387,7.687,8.805,3,11,6568f71e4bde2a6c9da07cc7,11,6616a611b1d4fd89aac7dfaa,6616f56cd68022d1064eb509,11_Diamond1
2024-04-10 14:27,2024-04-10 14:28,0,174.164.35.156,100,64,1,2024-04-10 14:28,R_7KpUbgpKWaV7gP9,,,,,47.1271,-122.3929,anonymous,EN,0,0,3.692,0,1,47.594,50.132,51.692,2,4,2,5,2.737,5.997,6.688,5,16,65cb86a7e667e637599a3af3,11,6616a611b1d4fd89aac7dfaa,6616f613509d476ccb65eb50,11_Diamond1
2024-04-10 14:30,2024-04-10 14:30,0,172.56.209.205,100,30,1,2024-04-10 14:30,R_1TmDqt0zjBhJjsW,,,,,36.2038,-115.2255,anonymous,EN,0,0,1.853,0,1,3.559,14.204,14.7,10,4,2,5,2.314,8.961,9.7,4,16,660464221f87c540c58e8d6c,11,6616a611b1d4fd89aac7dfaa,6616f6cea57eaa2b5cd5990a,11_Diamond1
2024-04-10 14:34,2024-04-10 14:34,0,73.209.26.246,100,41,1,2024-04-10 14:34,R_5dQTdRqaaXYSxyq,,,,,42.216,-88.0771,anonymous,EN,0,0,9.6,0,5,12.43,12.43,13.321,1,1,2,1,8.948,15.054,16.376,3,5,65aebd6cdb6f3bf0e8760517,11,6616a611b1d4fd89aac7dfaa,6616f7aee7aa81fbd60dfafd,11_Diamond1
2024-04-10 14:36,2024-04-10 14:37,0,166.198.250.38,100,62,1,2024-04-10 14:37,R_7tEasD1WDn5jc1B,,,,,32.6537,-97.3742,anonymous,EN,0,0,8.165,0,3,33.764,39.281,40.591,4,3,2,4,4.256,7.741,8.481,4,12,5d69ac222b85a000015e352f,11,6616a611b1d4fd89aac7dfaa,6616f82bf6730256e1c23fd7,11_Diamond1
2024-04-10 14:40,2024-04-10 14:40,0,47.155.150.108,100,38,1,2024-04-10 14:40,R_3rSl1pqhAp6EY5G,,,,,37.1357,-121.6502,anonymous,EN,0,0,1.778,0,4,25.774,25.774,26.502,1,3,2,4,4.326,7.43,8.177,3,11,614182c75b0d551a62c8e368,11,6616a611b1d4fd89aac7dfaa,6616f909108d685a141a09a1,11_Diamond1
2024-04-10 14:40,2024-04-10 14:41,0,98.44.23.111,100,48,1,2024-04-10 14:41,R_1NDMix83Cuuak5v,,,,,29.7373,-95.3972,anonymous,EN,0,0,8.255,0,1,26.726,26.726,28.757,1,5,2,5,3.803,8.265,8.943,3,17,62885de1cdfe242015ccacef,11,6616a611b1d4fd89aac7dfaa,6616f941c40c5dc838b7fbe3,11_Diamond1
2024-04-10 14:43,2024-04-10 14:44,0,172.59.96.59,100,43,1,2024-04-10 14:44,R_3il1kyqYus7N6cG,,,,,43.1193,-87.9505,anonymous,EN,0,0,2.581,0,1,18.988,18.988,28.973,1,3,2,1,5.123,8.25,10.051,3,11,614e26c35cd6b957428a1b4c,11,6616a611b1d4fd89aac7dfaa,6616f9def15d6ac34ca9bceb,11_Diamond1
2024-04-10 14:47,2024-04-10 14:48,0,172.59.225.166,100,51,1,2024-04-10 14:48,R_179Fhp8YQgBoM44,,,,,39.6993,-104.8814,anonymous,EN,0,0,20.738,0,2,9.003,15.746,16.291,9,4,2,4,7.585,10.847,11.271,5,14,614de785b8b89e4aba599f03,11,6616a611b1d4fd89aac7dfaa,6616fabf15ce4924c10a1287,11_Diamond1
2024-04-10 14:47,2024-04-10 14:48,0,172.59.105.61,100,52,1,2024-04-10 14:48,R_3c1jWV1nQoH3Ud5,,,,,29.9607,-90.0754,anonymous,EN,0,0,5.442,0,1,1.124,9.991,11.123,3,4,2,5,23.332,27.412,28.167,4,16,5d4deacbd056d00019082be9,11,6616a611b1d4fd89aac7dfaa,6616fabb9efdaa0bcae9a4c0,11_Diamond1
2024-04-10 14:49,2024-04-10 14:50,0,72.23.123.106,100,27,1,2024-04-10 14:50,R_2ekoAvyW4WP3fjy,,,,,40.6124,-80.064,anonymous,EN,0,0,1.741,0,3,13.534,14.425,15.542,2,4,2,4,4.609,7.004,8.287,3,13,60f657824394dac9902c821f,11,6616a611b1d4fd89aac7dfaa,6616fb5bea63bde1ad7f84a0,11_Diamond1
2024-04-10 14:53,2024-04-10 14:53,0,68.116.180.170,100,24,1,2024-04-10 14:53,R_2TAg3HaPX8SVAUq,,,,,42.1287,-71.9654,anonymous,EN,0,0,2.436,0,1,13.274,13.274,14.53,1,4,2,5,2.056,4.848,5.855,3,16,5f65597823696e0e9bd8f63a,11,6616a611b1d4fd89aac7dfaa,6616fc344e4d4932d8d40c42,11_Diamond1
2024-04-10 14:53,2024-04-10 14:54,0,184.15.221.194,100,35,1,2024-04-10 14:54,R_7PHc8yNk9VKVlkt,,,,,39.494,-80.2221,anonymous,EN,0,0,2.405,0,5,16.305,21.339,22.29,4,2,2,4,2.832,5.797,6.612,3,9,570d891d42a1db000fc65b4d,11,6616a611b1d4fd89aac7dfaa,6616fc383d7de68d9ba9bbba,11_Diamond1
2024-04-10 14:56,2024-04-10 14:57,0,98.33.103.154,100,38,1,2024-04-10 14:57,R_5DGttawu0bvDg0M,,,,,36.7126,-121.6437,anonymous,EN,0,0,4.853,0,1,2.86,22.571,23.766,4,4,2,5,2.003,4.916,6.462,3,16,62e1bc1f7bc99745a170ce2e,11,6616a611b1d4fd89aac7dfaa,6616fcfa9d6bd047bf4cd77c,11_Diamond1
2024-04-10 14:57,2024-04-10 14:58,0,65.132.65.210,100,30,1,2024-04-10 14:58,R_1QlvqCwtLAkpzyH,,,,,38.8549,-104.9026,anonymous,EN,0,0,4.642,0,2,14.659,14.659,16.759,1,4,2,5,2.287,5.832,6.603,3,15,60727eebacdee663b1b649ca,11,6616a611b1d4fd89aac7dfaa,6616fd2ffa5df358170817d1,11_Diamond1
2024-04-10 15:01,2024-04-10 15:02,0,174.102.200.166,100,43,1,2024-04-10 15:02,R_3jvNKoKci8DFHTG,,,,,45.1302,-87.6262,anonymous,EN,0,0,10.404,0,3,1.223,15.966,20.183,4,4,2,4,1.989,4.714,5.755,3,13,5934a676e7866d0001618b81,11,6616a611b1d4fd89aac7dfaa,6616fdf9b5024c13df19e0b2,11_Diamond1
2024-04-10 14:59,2024-04-10 15:02,0,76.112.123.186,100,147,1,2024-04-10 15:02,R_1dYsSdtd9o7FvCE,,,,,43.0213,-85.6064,anonymous,EN,0,0,2.81,0,2,24.138,24.138,25.201,1,4,2,4,2.043,116.153,116.838,4,14,605bd9acd66170da8fbcdc92,11,6616a611b1d4fd89aac7dfaa,6616fdbf4a1c6387856b21dc,11_Diamond1
2024-04-10 15:02,2024-04-10 15:03,0,32.215.21.135,100,73,1,2024-04-10 15:03,R_3XgOkziyhaE8Dm3,,,,,41.5351,-73.0369,anonymous,EN,6.386,6.386,16.085,1,3,9.809,44.953,45.874,7,4,2,5,3.291,8.363,9.294,3,14,645d33ec4a2f50e44e027000,11,6616a611b1d4fd89aac7dfaa,6616fe1cd659f18714af0fe8,11_Diamond1
2024-04-10 15:03,2024-04-10 15:04,0,107.15.242.149,100,45,1,2024-04-10 15:04,R_2IMWYO26pTwZTtD,,,,,36.0229,-78.9464,anonymous,EN,4.278,6.169,7.078,2,1,2.721,26.406,29.214,3,4,2,4,2.186,4.483,7.511,3,15,58211fc787f6b90001f13f90,11,6616a611b1d4fd89aac7dfaa,6616feaeaeef1c6c1fe42d6d,11_Diamond1
2024-04-10 15:07,2024-04-10 15:08,0,107.217.93.175,100,25,1,2024-04-10 15:08,R_3AaVicdk2OVk9d7,,,,,39.9573,-86.277,anonymous,EN,0,0,5.834,0,1,10.043,10.043,11.17,1,3,2,4,2.705,5.24,6.355,3,14,5ee7903e80706a01ea855d36,11,6616a611b1d4fd89aac7dfaa,6616ff88fc610ea2f9c6ef3c,11_Diamond1
2024-04-10 15:07,2024-04-10 15:08,0,99.21.151.221,100,47,1,2024-04-10 15:08,R_2sGJSp2WGjYSlwZ,,,,,37.6976,-121.0369,anonymous,EN,0,0,4.132,0,1,7.048,30.251,30.948,12,4,2,5,3.536,7.219,7.843,4,16,5ec89ac144972a37fb659ffa,11,6616a611b1d4fd89aac7dfaa,6616ff92c0eb5ac6e29f3b07,11_Diamond1
2024-04-10 15:10,2024-04-10 15:11,0,108.21.57.66,100,43,1,2024-04-10 15:11,R_7ZOKhseIQ6w4w3r,,,,,40.7429,-73.9392,anonymous,EN,0,0,1.069,0,4,28.067,34.259,34.885,2,4,2,5,1.841,3.775,4.139,4,13,60819dd29a63569b48b584ea,11,6616a611b1d4fd89aac7dfaa,6617003b5f96b52eaa90ce76,11_Diamond1
2024-04-10 15:10,2024-04-10 15:11,0,75.118.227.233,100,70,1,2024-04-10 15:11,R_6PNYYckPRaTLcnX,,,,,41.3957,-81.8157,anonymous,EN,0,0,4.404,0,1,38.864,38.864,50.694,1,4,2,5,2.842,12.347,13.191,3,16,6040558e6700552508a8f9b5,11,6616a611b1d4fd89aac7dfaa,66170033dbd49045a9b7fd53,11_Diamond1
2024-04-10 15:12,2024-04-10 15:13,0,69.206.243.150,100,41,1,2024-04-10 15:13,R_2aeROgvzAl8HOPG,,,,,40.7579,-73.9332,anonymous,EN,0,0,2.564,0,2,28.573,28.573,30.359,1,4,2,5,2.896,5.948,6.701,3,15,65513436964e241ee99a5083,11,6616a611b1d4fd89aac7dfaa,661700735f96b52eaa90ce7e,11_Diamond1
2024-04-10 15:14,2024-04-10 15:15,0,98.109.174.181,100,64,1,2024-04-10 15:15,R_2jK6KUsxLPiFcEf,,,,,40.9241,-74.514,anonymous,EN,0,0,9.362,0,5,13.51,37.275,38.399,4,4,2,2,5.845,13.499,15.089,3,9,5e51c83155087a204d8e7f1f,11,6616a611b1d4fd89aac7dfaa,66170106930682ea90c8ed80,11_Diamond1
2024-04-10 15:15,2024-04-10 15:16,0,174.195.83.152,100,50,1,2024-04-10 15:16,R_7Ziu9nP9YLwpPIR,,,,,37.6538,-122.4257,anonymous,EN,0,0,18.735,0,5,7.281,19.6,20.151,11,4,2,4,3.228,7.692,8.565,3,11,65e7a2d360162fe9d3288649,11,6616a611b1d4fd89aac7dfaa,6617017d6d19956b6d491bcc,11_Diamond1
2024-04-10 15:16,2024-04-10 15:16,0,100.15.97.201,100,31,1,2024-04-10 15:16,R_2n6Qwh9Mtc16UsV,,,,,39.0462,-77.1195,anonymous,EN,0,0,3.978,0,2,17.184,18.912,20.012,2,4,2,4,1.861,5.149,5.531,4,14,65fe3294e4b6f12f0cd8856a,11,6616a611b1d4fd89aac7dfaa,66170198f217cf2d95a74229,11_Diamond1
2024-04-10 15:17,2024-04-10 15:20,0,104.172.145.81,100,136,1,2024-04-10 15:20,R_5S1YF5TVQMJQrYZ,,,,,34.2149,-119.1761,anonymous,EN,0,0,5.189,0,3,118.386,118.386,120.101,1,5,2,5,3.685,6.147,7.261,3,15,5ac50a19a3ba7a0001b4a483,11,6616a611b1d4fd89aac7dfaa,661701d5b209b699616b2489,11_Diamond1
2024-04-10 15:19,2024-04-10 15:20,0,172.58.129.87,100,68,1,2024-04-10 15:20,R_7RTX5tlOqZVHiAY,,,,,25.9562,-80.1828,anonymous,EN,0,0,4.95,0,2,12.87,27.368,28.556,5,4,2,5,19.387,22.015,23.299,3,15,62d882e6a4564ff6bbeef874,11,6616a611b1d4fd89aac7dfaa,6617022853e75d7197ed95cc,11_Diamond1
2024-04-10 15:22,2024-04-10 15:22,0,172.58.250.187,100,25,1,2024-04-10 15:22,R_5NUu4Lbqd5eW1AG,,,,,35.2369,-80.8957,anonymous,EN,0,0,2.233,0,3,5.29,15.907,16.566,7,4,2,5,1.767,4.989,5.326,4,14,60fcf79b3beb6f5b749a64b9,11,6616a611b1d4fd89aac7dfaa,661702f4c40c5dc838b7fd78,11_Diamond1
2024-04-10 15:22,2024-04-10 15:22,0,68.42.95.15,100,39,1,2024-04-10 15:22,R_5PzeLwzV7vD0J6y,,,,,42.2316,-83.2659,anonymous,EN,0,0,1.301,0,5,6.289,30,30.401,4,4,2,4,1.822,3.524,3.883,4,11,5cb5e6927a92c500015c0de1,11,6616a611b1d4fd89aac7dfaa,661702ce453929b4ed429852,11_Diamond1
2024-04-10 15:23,2024-04-10 15:25,0,73.250.158.37,100,96,1,2024-04-10 15:25,R_2rHpofrkFPa4nUR,,,,,39.4889,-77.8889,anonymous,EN,0,0,12.294,0,1,1.01,69.786,73.384,3,3,2,5,3.539,6.052,7.146,3,15,6550de88683355a74699844c,11,6616a611b1d4fd89aac7dfaa,661703424e4d4932d8d40d70,11_Diamond1
2024-04-10 15:26,2024-04-10 15:26,0,75.139.154.232,100,13,1,2024-04-10 15:26,R_1HnU6Gl2NDQ6hrL,,,,,33.9332,-83.3536,anonymous,EN,0,0,0.917,0,5,4.463,5.795,7.36,2,1,2,1,1.444,2.99,3.375,4,5,62f70dd38becd2f7f2ce53a8,11,6616a611b1d4fd89aac7dfaa,661703be76bdbadd4b5865d3,11_Diamond1
2024-04-10 15:27,2024-04-10 15:28,0,76.147.45.252,100,16,1,2024-04-10 15:28,R_6lW9Qgxnt1LGhoh,,,,,47.8534,-122.2438,anonymous,EN,0,0,1.316,0,1,1.596,2.964,4.29,2,4,2,2,2.054,5.746,6.792,4,13,5c2d426389f035000175d171,11,6616a611b1d4fd89aac7dfaa,6617044bcf88672dfa13f0ac,11_Diamond1
2024-04-10 15:27,2024-04-10 15:28,0,50.21.204.185,100,47,1,2024-04-10 15:28,R_22HL6FG6ODVUoMh,,,,,40.3663,-105.524,anonymous,EN,0,0,13.44,0,4,9.083,13.311,14.642,2,3,2,1,10.925,15.93,17.16,3,8,60eb1a7c95641da67ae7d611,11,6616a611b1d4fd89aac7dfaa,66170410f639f67754d59b0a,11_Diamond1
2024-04-10 15:29,2024-04-10 15:30,0,75.164.157.255,100,39,1,2024-04-10 15:30,R_1fBGYNfM3dqTZUz,,,,,45.5472,-122.6417,anonymous,EN,0,0,1.434,0,1,6.229,26.295,26.926,11,5,2,5,3.452,7.985,8.521,6,17,65fb8ca81b65d15d66ce49f7,11,6616a611b1d4fd89aac7dfaa,661704aa39340bf59586cb0d,11_Diamond1
2024-04-10 15:30,2024-04-10 15:30,0,75.4.201.41,100,30,1,2024-04-10 15:30,R_3rDSpSrHPRNe6xH,,,,,37.3177,-122.0438,anonymous,EN,0,0,3.11,0,1,15.224,15.224,18.453,1,4,2,5,4.97,6.924,7.743,4,16,655f96ce8f08d768bcf76976,11,6616a611b1d4fd89aac7dfaa,661704c7714151fe4cae8451,11_Diamond1
2024-04-10 15:32,2024-04-10 15:32,0,184.155.229.176,100,46,1,2024-04-10 15:32,R_6HNPFYg9vYsiezC,,,,,43.492,-112.0592,anonymous,EN,0,0,4.537,0,1,25.824,25.824,27.272,1,4,2,2,4.946,10.227,11.392,3,13,65e22b2cb3efd22e847d0bf0,11,6616a611b1d4fd89aac7dfaa,6617053d1a91c28d009d7b6e,11_Diamond1
2024-04-10 15:32,2024-04-10 15:33,0,69.114.112.123,100,30,1,2024-04-10 15:33,R_1mVKuqeiyxfspCz,,,,,40.6221,-73.981,anonymous,EN,0,0,6.436,0,1,15.303,15.303,17.072,1,5,2,5,1.525,3.428,4.099,3,17,58ab2db50da7f10001de8e34,11,6616a611b1d4fd89aac7dfaa,6617057c453929b4ed4298cb,11_Diamond1
2024-04-10 15:32,2024-04-10 15:34,0,69.120.57.96,100,89,1,2024-04-10 15:34,R_2Eahnu9wyrDXw1E,,,,,40.8806,-74.1456,anonymous,EN,0,0,4.003,0,2,74.2,74.2,75.319,1,4,2,2,3.537,7.14,7.978,3,12,6400ed09421b2727c2f7c553,11,6616a611b1d4fd89aac7dfaa,6617057321706d900529ca5e,11_Diamond1
2024-04-10 15:35,2024-04-10 15:36,0,70.177.112.172,100,54,1,2024-04-10 15:36,R_178NR94m0qNymqp,,,,,36.1175,-95.8196,anonymous,EN,0,0,4.401,0,4,8.971,38.509,39.177,14,3,2,3,2.968,7.306,8.336,3,10,6138f7e0ad42e592ca5f2024,11,6616a611b1d4fd89aac7dfaa,6617060b4144a13c3b0c8c66,11_Diamond1
2024-04-10 15:36,2024-04-10 15:37,0,24.13.131.91,100,33,1,2024-04-10 15:37,R_7qEjZUhMFNKa7fw,,,,,39.8616,-88.9355,anonymous,EN,0,0,3.73,0,1,17.8,17.8,19.759,1,4,2,5,2.276,4.375,8.139,4,16,63d1e114550c261e5d78a941,11,6616a611b1d4fd89aac7dfaa,6617067039340bf59586cb43,11_Diamond1
2024-04-10 15:38,2024-04-10 15:39,0,24.115.50.57,100,42,1,2024-04-10 15:39,R_5SU0O6rvHp5YcQF,,,,,41.2208,-75.7736,anonymous,EN,0,0,5.013,0,3,4.898,25.022,26.1,13,4,2,4,2.404,9.154,10.034,5,13,5dbf8f6351b13c414a1c490c,11,6616a611b1d4fd89aac7dfaa,661706d765377b341dbd5219,11_Diamond1
2024-04-10 15:39,2024-04-10 15:39,0,207.172.101.145,100,43,1,2024-04-10 15:39,R_2jPuq2eoeBiNao5,,,,,40.8545,-75.1683,anonymous,EN,0,0,3.846,0,4,28.085,28.085,28.849,1,1,2,1,1.97,6.633,7.846,5,6,641385c88f29eb3264283818,11,6616a611b1d4fd89aac7dfaa,661706e3c0b45eebb3041662,11_Diamond1
2024-04-10 15:40,2024-04-10 15:41,0,50.46.163.243,100,34,1,2024-04-10 15:41,R_3eEF6sfdA91wS0V,,,,,45.496,-122.7998,anonymous,EN,1.451,1.451,3.233,1,2,5.664,13.211,15.577,2,4,2,4,1.38,12.292,13.138,7,14,5e3ac9d20d41ad2da023d9ae,11,6616a611b1d4fd89aac7dfaa,6617073600dadcc6fcdcdfff,11_Diamond1
2024-04-10 15:41,2024-04-10 15:42,0,174.224.22.238,100,43,1,2024-04-10 15:42,R_1BKYBvYEvkcNQOt,,,,,32.7797,-96.8022,anonymous,EN,0,0,4.595,0,5,25.066,25.066,26.828,1,4,2,5,4.434,7.915,9.552,3,12,660d1bad09ccf21621f94e0f,11,6616a611b1d4fd89aac7dfaa,6617077be846d11d7f7b33c7,11_Diamond1
2024-04-10 15:44,2024-04-10 15:44,0,24.220.52.197,100,33,1,2024-04-10 15:44,R_7OkzRWBJyFVV22o,,,,,47.8977,-97.0394,anonymous,EN,0,0,1.647,0,4,14.247,20.613,21.654,2,4,2,4,2.001,5.501,6.745,3,12,5d63867550d0dd0017805976,11,6616a611b1d4fd89aac7dfaa,661708151e843e116d2dcb8b,11_Diamond1
2024-04-10 15:44,2024-04-10 15:45,0,72.224.156.192,100,76,1,2024-04-10 15:45,R_7dhsMiRKFOU0YHE,,,,,43.0475,-77.094,anonymous,EN,0,0,5.374,0,2,11.739,42.658,43.615,12,4,2,4,4.356,23.514,24.717,8,14,63480954af4c7db036aa6595,11,6616a611b1d4fd89aac7dfaa,66170810ecb13063c7450de2,11_Diamond1
2024-04-10 15:45,2024-04-10 15:45,0,66.181.117.240,100,22,1,2024-04-10 15:45,R_5CAZ2oWSyzfWU5H,,,,,44.7845,-68.7561,anonymous,EN,0,0,2.199,0,4,11.135,11.135,12.412,1,3,2,4,1.95,4.182,5.074,3,11,6287a504c4cb277cf781b6bb,11,6616a611b1d4fd89aac7dfaa,66170839bbac762b031ce9a4,11_Diamond1
2024-04-10 15:48,2024-04-10 15:48,0,172.56.149.52,100,28,1,2024-04-10 15:48,R_2qdmzPfulPdHVGK,,,,,43.6165,-116.2001,anonymous,EN,0,0,2.252,0,1,13.254,16.007,16.605,4,3,2,1,2.491,5.189,5.852,4,11,610790e286844c36e02f906c,11,6616a611b1d4fd89aac7dfaa,66170921deb4015d1d03f08b,11_Diamond1
2024-04-10 15:47,2024-04-10 15:50,0,24.63.162.194,100,172,1,2024-04-10 15:50,R_6Mc510g3fuhj3TH,,,,,42.366,-71.2271,anonymous,EN,0,0,5.763,0,5,2.16,142.269,143.638,19,3,2,4,11.049,19.065,20.564,4,10,65ef357b330c3c8fd350b0ff,11,6616a611b1d4fd89aac7dfaa,661708b3714151fe4cae8513,11_Diamond1
2024-04-10 15:49,2024-04-10 15:50,0,174.229.26.192,100,23,1,2024-04-10 15:50,R_5rHUcXj6kuiuwUm,,,,,33.5226,-86.8033,anonymous,EN,0,0,3.84,0,5,2.323,6.74,7.617,3,4,2,3,2.7,8.828,9.69,4,10,660b2534de96cb799451b0b6,11,6616a611b1d4fd89aac7dfaa,6617096bea63bde1ad7f8717,11_Diamond1
2024-04-10 15:51,2024-04-10 15:51,0,162.231.110.38,100,45,1,2024-04-10 15:51,R_2e9fkNKgXPaOjaZ,,,,,42.6193,-82.961,anonymous,EN,0,0,2.031,0,1,31.273,33.695,34.737,3,5,2,5,2.674,5.549,6.371,4,17,5f11f98efbaf2b0ef855ec6b,11,6616a611b1d4fd89aac7dfaa,661709b8a26801f36df1fc10,11_Diamond1
2024-04-10 15:52,2024-04-10 15:53,0,174.249.82.147,100,26,1,2024-04-10 15:53,R_6LuvqfQZKLWhY2Z,,,,,39.9843,-75.2266,anonymous,EN,0,0,1.101,0,5,4.313,14.873,15.515,9,4,2,3,1.632,4.705,5.101,5,10,604397dd75ab0c367e5f2604,11,6616a611b1d4fd89aac7dfaa,66170a2027af7b6595bd2d67,11_Diamond1
2024-04-10 15:54,2024-04-10 15:55,0,98.195.75.142,100,44,1,2024-04-10 15:55,R_8jZg7IhRwZa2UX4,,,,,30.0409,-95.5302,anonymous,EN,0,0,2.283,0,1,30.441,30.441,31.657,1,3,2,5,3.242,7.47,8.53,4,15,652bec7edafaf7eb52260adc,11,6616a611b1d4fd89aac7dfaa,66170a8adf1ac458acda8820,11_Diamond1
2024-04-10 15:54,2024-04-10 15:55,0,174.16.32.29,100,44,1,2024-04-10 15:55,R_1HtDGvlhNyy59wB,,,,,39.7301,-104.9078,anonymous,EN,0,0,6.992,0,1,23.879,23.879,25.591,1,5,2,5,3.602,6.784,8.51,3,17,5de5dba9ff87c15699804260,11,6616a611b1d4fd89aac7dfaa,66170a8421706d900529cb2a,11_Diamond1
2024-04-10 15:56,2024-04-10 15:57,0,47.147.63.230,100,38,1,2024-04-10 15:57,R_7C3y9BgzOc48COo,,,,,33.6056,-117.2662,anonymous,EN,0,0,4.381,0,2,22.998,22.998,24.216,1,3,2,4,2.775,5.73,6.982,3,13,606af90419f562e6af043de2,11,6616a611b1d4fd89aac7dfaa,66170b03fc751cc3c6861780,11_Diamond1
2024-04-10 15:59,2024-04-10 15:59,0,71.162.2.89,100,24,1,2024-04-10 15:59,R_7pWMHYbVzmAGZVi,,,,,40.4725,-79.9109,anonymous,EN,0,0,2.034,0,1,3.173,13.953,16.739,3,4,2,4,1.838,4.031,4.287,4,15,601b28841ca7bb2f8edaa293,11,6616a611b1d4fd89aac7dfaa,66170ba8a0cada45ab7df054,11_Diamond1
2024-04-10 15:58,2024-04-10 16:01,0,69.14.115.38,100,138,1,2024-04-10 16:01,R_20pVfjmYSmncms1,,,,,42.518,-83.1576,anonymous,EN,0,0,12.892,0,2,52.992,53.988,55.749,2,4,2,4,35.42,39.04,45.087,3,14,61731c0ef27028acbfbbf972,11,6616a611b1d4fd89aac7dfaa,6617096ff835d4bb15780c59,11_Diamond1
2024-04-10 16:00,2024-04-10 16:01,0,50.82.56.192,100,43,1,2024-04-10 16:01,R_2SozmgrClJDVKzk,,,,,37.1063,-93.7988,anonymous,EN,0,0,3.304,0,4,28.457,28.457,29.521,1,2,2,2,3.903,7.051,7.973,3,8,5f483fcda023e1304ce86119,11,6616a611b1d4fd89aac7dfaa,66170bea7132a63f70491d85,11_Diamond1
2024-04-10 16:01,2024-04-10 16:01,0,99.91.203.219,100,33,1,2024-04-10 16:01,R_2GBnJoi2Ep8xd3X,,,,,39.711,-86.2591,anonymous,EN,0,0,1.273,0,1,0.849,21.392,22.264,8,4,2,4,5.172,6.98,7.602,3,15,5ee1be444c9d75206ce5aa92,11,6616a611b1d4fd89aac7dfaa,66170c2601681e4bb7a304c3,11_Diamond1
2024-04-10 16:03,2024-04-10 16:04,0,108.209.188.66,100,88,1,2024-04-10 16:04,R_31hePr8zcNi01TY,,,,,38.2145,-85.2254,anonymous,EN,0,0,7.347,0,4,66.845,66.845,68.509,1,1,2,1,3.087,6.574,7.51,3,6,606479c20b621e3a22d6c0d5,11,6616a611b1d4fd89aac7dfaa,66170c8929d63b5d1e801ea8,11_Diamond1
2024-04-10 16:05,2024-04-10 16:05,0,98.25.102.236,100,48,1,2024-04-10 16:05,R_2DdyOhWxaKsckMU,,,,,33.0273,-80.1768,anonymous,EN,0,0,5.822,0,3,30.088,30.088,31.362,1,4,2,2,2.244,6.787,7.93,3,11,5c05e9ffd183df000142a2ed,11,6616a611b1d4fd89aac7dfaa,66170d045fe5b3447b03cdbb,11_Diamond1
2024-04-10 16:06,2024-04-10 16:06,0,216.15.95.5,100,23,1,2024-04-10 16:06,R_1uy4GgIZNgY1PpY,,,,,40.595,-75.5289,anonymous,EN,0,0,2.099,0,3,6.706,11.9,12.597,5,3,2,3,1.703,3.523,5.737,3,11,628f76b86068bc13224921ce,11,6616a611b1d4fd89aac7dfaa,66170d50895a702fed7150f1,11_Diamond1
2024-04-10 16:07,2024-04-10 16:08,0,76.219.106.174,100,27,1,2024-04-10 16:08,R_3aOWu7dKVD0Ns1g,,,,,40.1104,-83.1131,anonymous,EN,2.732,2.732,3.428,1,2,2.048,8.506,12.682,3,3,2,4,1.993,7.523,8.441,5,13,6168b61ad8c0d63b37a92109,11,6616a611b1d4fd89aac7dfaa,66170d9d5bd3d8a5a8ca1fed,11_Diamond1
2024-04-10 16:08,2024-04-10 16:08,0,100.40.18.201,100,25,1,2024-04-10 16:08,R_1jIi1xlulifWO4p,,,,,41.5099,-71.7365,anonymous,EN,0,0,1.793,0,5,5.141,10.866,14.195,3,3,2,3,3.491,5.909,6.565,3,9,5e0fa7e84d6bf16df6f5e1e0,11,6616a611b1d4fd89aac7dfaa,66170dcac4782334679d7e1a,11_Diamond1
2024-04-10 16:10,2024-04-10 16:11,0,47.146.14.63,100,38,1,2024-04-10 16:11,R_2Hn3nwduUXjDSss,,,,,33.919,-117.2359,anonymous,EN,0,0,2.183,0,2,25.227,25.227,26.304,1,4,2,2,1.799,5.515,6.137,3,12,64e36d981d00e7d7c45addc2,11,6616a611b1d4fd89aac7dfaa,66170e56266a468cd492e458,11_Diamond1
2024-04-10 16:11,2024-04-10 16:12,0,76.102.129.245,100,21,1,2024-04-10 16:12,R_2XoYyJZ0MVY9aVv,,,,,37.2125,-121.8641,anonymous,EN,0,0,1.427,0,1,3.041,3.041,14.418,1,5,2,5,0,0,3.572,0,17,656330bce859fe9d4d59f7cd,11,6616a611b1d4fd89aac7dfaa,66170e9a895a702fed71512a,11_Diamond1
2024-04-10 16:15,2024-04-10 16:15,0,73.253.203.137,100,22,1,2024-04-10 16:15,R_5kzawmvyJdmlrRK,,,,,42.2463,-70.9972,anonymous,EN,0,0,2.05,0,1,4.265,10.706,11.916,2,4,2,5,2.166,5.601,6.073,6,16,6330f30b973410dadd20eb64,11,6616a611b1d4fd89aac7dfaa,66170f139f3d0353f995f2d2,11_Diamond1
2024-04-10 16:16,2024-04-10 16:17,0,173.21.232.45,100,31,1,2024-04-10 16:17,R_3VjBIXizJr9SvCq,,,,,46.8154,-92.1952,anonymous,EN,0,0,2.782,0,5,3.081,11.731,12.891,9,3,2,4,3.614,11.227,12.546,7,10,63f7aea5c5b447da24dc7d9a,11,6616a611b1d4fd89aac7dfaa,66170fa1aeef1c6c1fe43057,11_Diamond1
2024-04-10 16:18,2024-04-10 16:18,0,107.145.76.180,100,49,1,2024-04-10 16:18,R_7aIxfXJvCRNkDa9,,,,,28.9351,-81.9903,anonymous,EN,0,0,5.268,0,5,8.45,23.569,24.377,10,2,2,1,5.241,16.703,17.845,4,6,65c8df0fe4188d52174cc6ef,11,6616a611b1d4fd89aac7dfaa,6617100323056ded9be91f45,11_Diamond1
2024-04-10 16:19,2024-04-10 16:20,0,192.180.221.95,100,40,1,2024-04-10 16:20,R_7xvgHMktPEB2hnH,,,,,39.908,-83.8354,anonymous,EN,0,0,5.385,0,5,5.497,22.339,24.568,3,3,2,3,5.139,6.717,7.565,3,9,5f0d06846a31b81d18e83097,11,6616a611b1d4fd89aac7dfaa,6617106e29d63b5d1e801f56,11_Diamond1
2024-04-10 16:21,2024-04-10 16:22,0,68.162.79.181,100,24,1,2024-04-10 16:22,R_1LaNpbcu7Mvk3Hg,,,,,40.2327,-76.9331,anonymous,EN,0,0,2.325,0,1,13.86,13.86,14.755,1,5,2,5,2.038,4.767,5.415,4,17,610898813e48dc2864965122,11,6616a611b1d4fd89aac7dfaa,66171018d0db7cf2c6a2b3ac,11_Diamond1
2024-04-10 16:21,2024-04-10 16:22,0,69.245.97.162,100,35,1,2024-04-10 16:22,R_28gUn0fQQictWRH,,,,,32.1539,-81.1534,anonymous,EN,0,0,4.795,0,2,13.925,13.925,14.938,1,4,2,3,2.3,9.765,11.768,5,13,62f1b2691a5ac1c03a9987a0,11,6616a611b1d4fd89aac7dfaa,661710ee83b77849ef8619a0,11_Diamond1
2024-04-10 16:21,2024-04-10 16:23,0,162.83.152.120,100,123,1,2024-04-10 16:23,R_5plmHUHtOB4jIjr,,,,,40.9039,-73.837,anonymous,EN,0,0,6.076,0,1,99.208,99.208,105.031,1,4,2,5,4.389,9.561,10.827,3,16,647dde92d730823a9e5c7f0f,11,6616a611b1d4fd89aac7dfaa,661710bc51f61b24642fc086,11_Diamond1
2024-04-10 16:26,2024-04-10 16:27,0,47.227.118.49,100,28,1,2024-04-10 16:27,R_5oBGAIAEpLRCHWA,,,,,39.7436,-86.1158,anonymous,EN,0,0,3.776,0,1,11.206,16.355,16.801,7,4,2,5,2.361,4.82,5.745,3,16,5c27e76978fad500019328cc,11,6616a611b1d4fd89aac7dfaa,6617121a6d19956b6d491ed2,11_Diamond1
2024-04-10 16:26,2024-04-10 16:27,0,47.196.87.176,100,67,1,2024-04-10 16:27,R_2TnvBH1GxR8vwQ4,,,,,27.9032,-82.2911,anonymous,EN,0,0,5.716,0,3,35.48,35.48,37.142,1,4,2,5,8.755,13.234,21.894,3,14,660c8a887074b15a41de0d8f,11,6616a611b1d4fd89aac7dfaa,661712082911f89c6e2934e4,11_Diamond1
2024-04-10 16:28,2024-04-10 16:29,0,174.193.112.78,100,19,1,2024-04-10 16:29,R_2QkTfbiFhSLA7Yd,,,,,39.7933,-84.218,anonymous,EN,0,0,1.23,0,5,0.848,7.6,8.243,5,4,2,4,1.927,6.51,7.19,6,11,62e97dfea1a1ef00cb9f0b10,11,6616a611b1d4fd89aac7dfaa,6617128d9f3d0353f995f380,11_Diamond1
2024-04-10 16:31,2024-04-10 16:32,0,50.5.60.222,100,46,1,2024-04-10 16:32,R_1Mn9UQXAe0i9CBQ,,,,,39.1678,-84.4975,anonymous,EN,0,0,3.945,0,1,1.514,18.375,20.237,4,5,2,4,17.635,20.392,21.214,3,16,6600d245feae5e2cc190ce9d,11,6616a611b1d4fd89aac7dfaa,661713397fc752e94c45faa8,11_Diamond1
2024-04-10 16:30,2024-04-10 16:32,0,47.230.144.122,100,126,1,2024-04-10 16:32,R_24otOUzWiKpG9n1,,,,,41.4535,-74.4774,anonymous,EN,6.047,6.047,7.802,1,1,108.557,108.557,109.733,1,4,2,2,2.121,5.676,6.576,3,13,63bc0a007b1c348dff56b59d,11,6616a611b1d4fd89aac7dfaa,661712ec3d55392ccac6134a,11_Diamond1
2024-04-10 16:34,2024-04-10 16:35,0,75.242.227.22,100,82,1,2024-04-10 16:35,R_7PBDg2CWZAaW9tm,,,,,39.1805,-84.4177,anonymous,EN,0,0,5.847,0,5,1.278,56.107,57.993,3,5,2,5,7.034,11.944,17.101,3,13,660d5ec6d080ce984b6b87bc,11,6616a611b1d4fd89aac7dfaa,661713b4617c09f9f245fafb,11_Diamond1
2024-04-10 16:35,2024-04-10 16:36,0,172.59.1.68,100,23,1,2024-04-10 16:36,R_5KpbQSaRXbt1asn,,,,,35.0506,-106.7249,anonymous,EN,1.35,1.35,2.389,1,1,11.087,12.42,13.46,2,4,2,5,2.426,4.728,5.314,3,16,613da55377390178e193ca3f,11,6616a611b1d4fd89aac7dfaa,661714300a495b9ca686cd69,11_Diamond1
2024-04-10 16:37,2024-04-10 16:38,0,100.16.39.186,100,40,1,2024-04-10 16:38,R_72Sk598XwIRifDw,,,,,39.5372,-76.3605,anonymous,EN,0,0,3.7,0,2,19.104,19.104,23.047,1,5,2,5,4.091,7.441,9.801,3,16,65f5f8674de9e42bafa060ff,11,6616a611b1d4fd89aac7dfaa,6617147b87f3154bb8345a34,11_Diamond1
2024-04-10 16:39,2024-04-10 16:40,0,70.22.165.122,100,55,1,2024-04-10 16:40,R_2IygYeOCA7BKfr2,,,,,42.2435,-71.8368,anonymous,EN,0,0,5.577,0,1,37.16,37.16,40.274,1,1,2,1,3.643,6.625,7.973,3,9,660ff2d1e37b10d9887ee12a,11,6616a611b1d4fd89aac7dfaa,661714db869990cc40ff020b,11_Diamond1
2024-04-10 16:42,2024-04-10 16:42,0,81.161.4.159,100,30,1,2024-04-10 16:42,R_5Wq28HTL5BpYRR7,,,,,40.7662,-74.0178,anonymous,EN,0,0,3.977,0,4,2.06,6.79,7.849,4,3,2,4,3.145,9.096,11.378,5,11,659eb3a84181a4fa1a2a0597,11,6616a611b1d4fd89aac7dfaa,661715aff26b81401eae8742,11_Diamond1
2024-04-10 16:43,2024-04-10 16:44,0,144.129.253.195,100,42,1,2024-04-10 16:44,R_7d1fRYkPnRCZA5j,,,,,28.5836,-81.5324,anonymous,EN,0,0,1.5,0,2,4.329,17.825,18.669,5,4,2,4,16.003,18.985,19.74,3,14,5ff79cf96ccb554ae5d00a7d,11,6616a611b1d4fd89aac7dfaa,661715ff88bbcb06ae66dbd0,11_Diamond1
2024-04-10 16:45,2024-04-10 16:46,0,174.194.199.128,100,34,1,2024-04-10 16:46,R_73mLpIb8n79t0gp,,,,,37.7794,-122.2178,anonymous,EN,0.809,1.371,2.67,2,1,4.321,22.972,24.077,12,4,2,5,1.593,4.093,4.628,5,16,65d53085794e617217d43942,11,6616a611b1d4fd89aac7dfaa,66171694f201fd46ff5734a5,11_Diamond1
2024-04-10 16:47,2024-04-10 16:48,0,72.2.147.43,100,40,1,2024-04-10 16:48,R_70xBpPVxHzHBVgV,,,,,41.2814,-86.6246,anonymous,EN,0,0,3.732,0,1,22.6,22.6,24.659,1,5,2,4,3.752,7.6,9.1,3,16,65e9caf988370d3db1ca1000,11,6616a611b1d4fd89aac7dfaa,661716ed0e37da0dc699bbe8,11_Diamond1
2024-04-10 16:47,2024-04-10 16:48,0,73.89.118.91,100,43,1,2024-04-10 16:48,R_3FMdao89oolVJ7j,,,,,42.256,-72.5145,anonymous,EN,0,0,4.564,0,1,29.524,29.524,31.188,1,4,2,5,2.869,5.209,6.245,3,16,6025772d06a2260f121462a7,11,6616a611b1d4fd89aac7dfaa,661716e621706d900529cd4b,11_Diamond1
2024-04-10 16:52,2024-04-10 16:52,0,71.77.158.208,100,27,1,2024-04-10 16:52,R_7NDDaQq71ew2w0T,,,,,35.1873,-79.473,anonymous,EN,0,0,1.498,0,2,3.372,15.207,15.726,4,4,2,3,1.917,6.967,7.455,4,13,59a811311363d90001676ad9,11,6616a611b1d4fd89aac7dfaa,66171821e846d11d7f7b369b,11_Diamond1
2024-04-10 16:54,2024-04-10 16:55,0,158.140.60.135,100,22,1,2024-04-10 16:55,R_3QKjQB04NlJ2Qg2,,,,,36.1549,-116.0177,anonymous,EN,0,0,1.816,0,5,7.926,8.893,9.864,2,1,2,1,1.6,4.833,5.738,3,5,5bdfb648484288000130dad0,11,6616a611b1d4fd89aac7dfaa,6617187936fc70d7da6da9c0,11_Diamond1
2024-04-10 16:56,2024-04-10 16:57,0,174.240.23.116,100,47,1,2024-04-10 16:57,R_26KXFGssyQFrHpf,,,,,33.5038,-112.0253,anonymous,EN,3.776,3.776,3.806,1,2,12.228,28.71,30.856,7,4,2,3,4.603,8.944,10.16,4,13,6603c28337628c7aa0b94685,11,6616a611b1d4fd89aac7dfaa,661718fc65264a0308a3056c,11_Diamond1
2024-04-10 17:00,2024-04-10 17:00,0,98.190.41.141,100,26,1,2024-04-10 17:00,R_1JIOXpzSuZdbBdp,,,,,29.6138,-82.386,anonymous,EN,0,0,4.081,0,4,12.783,13.391,14.206,2,4,2,4,2.199,4.565,5.734,3,12,63bda599c453172ce70e3839,11,6616a611b1d4fd89aac7dfaa,661719f64bed012153ba7469,11_Diamond1
2024-04-10 16:57,2024-04-10 17:01,0,173.63.177.142,100,240,1,2024-04-10 17:01,R_76GVIORo8Bf6hpf,,,,,40.9107,-74.5841,anonymous,EN,0,0,5.434,0,1,99.487,99.487,101.907,1,3,2,4,125.688,129.631,131.066,3,14,65d0c1bcd3700799345b16f6,11,6616a611b1d4fd89aac7dfaa,6617193a8c834c0664e43444,11_Diamond1
2024-04-10 17:02,2024-04-10 17:02,0,47.14.183.41,100,37,1,2024-04-10 17:02,R_7hEqhOT9ID9uV1v,,,,,42.2555,-71.7719,anonymous,EN,0,0,4.492,0,4,18.339,18.339,20.603,1,4,2,4,4.037,8.587,9.695,4,12,66116b936273edeae82eb481,11,6616a611b1d4fd89aac7dfaa,66171a63d0db7cf2c6a2b5da,11_Diamond1
2024-04-10 17:03,2024-04-10 17:04,0,71.172.181.218,100,35,1,2024-04-10 17:04,R_3Ac9wQ1PkpqN345,,,,,40.6129,-74.416,anonymous,EN,0,0,0.957,0,4,3.851,19.141,19.997,10,3,2,4,1.339,12.133,13.205,9,11,65d523a2110bac752305362f,11,6616a611b1d4fd89aac7dfaa,66171acc34740ec59d1414a4,11_Diamond1
2024-04-10 17:06,2024-04-10 17:07,0,24.233.207.146,100,36,1,2024-04-10 17:07,R_5c1LtWuzcDLr5E5,,,,,38.2821,-77.1306,anonymous,EN,0,0,2.179,0,1,21.82,23.763,25.552,2,5,2,5,2.882,6.594,7.69,3,17,66042b022df00734b1f90707,11,6616a611b1d4fd89aac7dfaa,66171b3a052026667ea746dc,11_Diamond1
2024-04-10 17:09,2024-04-10 17:10,0,47.157.178.215,100,29,1,2024-04-10 17:10,R_5fq6ULGbi3HqDZf,,,,,34.2149,-119.1761,anonymous,EN,0,0,1.423,0,4,6.67,18.718,19.558,4,2,2,4,3.447,6.434,7.164,3,10,5e8fc5254447f82b9defc6b6,11,6616a611b1d4fd89aac7dfaa,66171c2215ce4924c10a1874,11_Diamond1
2024-04-10 17:08,2024-04-10 17:13,0,75.19.156.255,100,321,1,2024-04-10 17:13,R_1LOtK9E7hUR375T,,,,,25.8696,-80.3073,anonymous,EN,1.945,1.945,2.8,1,3,3.031,301.045,301.58,4,3,2,1,2.857,11.993,12.828,4,9,5666eb928c23a0001188479e,11,6616a611b1d4fd89aac7dfaa,66171b2561949deb773b07db,11_Diamond1
2024-04-10 17:12,2024-04-10 17:14,0,75.233.99.59,100,92,1,2024-04-10 17:14,R_3j1dNiOUjSrWFSn,,,,,33.4917,-111.9837,anonymous,EN,0,0,9.423,0,3,10.606,58.237,59.157,26,4,2,4,1.865,20.208,21.122,7,13,610524158af758f8e11e7fcf,11,6616a611b1d4fd89aac7dfaa,66171cd427af7b6595bd30fd,11_Diamond1
2024-04-10 17:16,2024-04-10 17:17,0,174.52.173.190,100,38,1,2024-04-10 17:17,R_2ZQa0KbYrgMqwtN,,,,,40.576,-111.8788,anonymous,EN,0,0,2.275,0,4,23.669,23.669,25.342,1,2,2,1,4.061,7.339,8.734,3,7,66147bc0ec49d5cef747dcd2,11,6616a611b1d4fd89aac7dfaa,66171dbe488493cce8e92262,11_Diamond1
2024-04-10 17:18,2024-04-10 17:19,0,69.14.153.154,100,35,1,2024-04-10 17:19,R_2EPe2a2BjMarst3,,,,,42.5686,-83.0668,anonymous,EN,0,0,4.031,0,1,18.623,18.623,20.304,1,4,2,5,3.084,7.004,8.296,3,16,5f3678f5997c28018ad180d5,11,6616a611b1d4fd89aac7dfaa,66171e389011184cd7dbdff5,11_Diamond1
2024-04-10 17:20,2024-04-10 17:21,0,172.58.240.226,100,54,1,2024-04-10 17:21,R_7sb5wR7KkshTPQN,,,,,39.0005,-76.9712,anonymous,EN,0,0,4.424,0,5,12.665,33.895,35.256,11,1,2,1,3.85,9.371,10.29,5,5,6361acb07d0d241c339ab52b,11,6616a611b1d4fd89aac7dfaa,66171e85ef7388d903a2b821,11_Diamond1
2024-04-10 17:22,2024-04-10 17:25,0,75.87.149.73,100,126,1,2024-04-10 17:25,R_7XbS1wAo7wV3aXC,,,,,38.8939,-94.7067,anonymous,EN,0,0,10.467,0,1,28.563,28.563,99.278,1,4,2,5,6.491,9.978,11.003,3,16,65c1d15018dd984dec38f4c3,11,6616a611b1d4fd89aac7dfaa,66171f23f8512b83076afaaa,11_Diamond1
2024-04-10 17:26,2024-04-10 17:27,0,73.144.209.64,100,42,1,2024-04-10 17:27,R_5BNGzEb1pU0EQlr,,,,,42.7606,-84.5563,anonymous,EN,0,0,1.704,0,4,5.092,25.967,27,4,4,2,5,8.318,10.465,11.193,3,13,5d9be88c195db300128d652a,11,6616a611b1d4fd89aac7dfaa,6617202a23056ded9be922a7,11_Diamond1
2024-04-10 17:27,2024-04-10 17:28,0,50.89.100.242,100,41,1,2024-04-10 17:28,R_6hejGZmVqObly4V,,,,,28.4538,-81.4674,anonymous,EN,0,0,5.235,0,4,19.9,19.9,21.965,1,4,2,4,4.895,10.127,12.603,3,12,65acef185a0cd41c6f37845f,11,6616a611b1d4fd89aac7dfaa,66172050d4841a81db91f206,11_Diamond1
2024-04-10 17:30,2024-04-10 17:32,0,174.70.65.205,100,81,1,2024-04-10 17:32,R_3U6hJNZttIktKEH,,,,,29.6138,-82.386,anonymous,EN,0,0,8.877,0,4,16.208,52.016,53.04,5,3,2,5,6.817,17.18,18.07,4,12,655e4b141ea133a436b73b01,11,6616a611b1d4fd89aac7dfaa,6617210bf8512b83076afb11,11_Diamond1
2024-04-10 17:32,2024-04-10 17:32,0,184.90.146.31,100,41,1,2024-04-10 17:32,R_8r0WjEfo3qPy5rL,,,,,28.7115,-81.5135,anonymous,EN,0,0,3.452,0,2,22.963,24.184,25.307,2,4,2,5,3.365,5.567,6.839,3,15,5eba2e33474e6517605faffb,11,6616a611b1d4fd89aac7dfaa,66172110ef7388d903a2b8a0,11_Diamond1
2024-04-10 17:36,2024-04-10 17:36,0,35.150.69.162,100,30,1,2024-04-10 17:36,R_5wstnfcsD3Yd1MB,,,,,46.8522,-114.0214,anonymous,EN,0,0,2.662,0,3,5.395,15.17,16.553,7,3,2,4,4.136,7.894,8.599,4,12,5e44c10bc13da2356b85ff60,11,6616a611b1d4fd89aac7dfaa,6617226a56b2e50507ff059d,11_Diamond1
2024-04-10 17:38,2024-04-10 17:38,0,98.24.246.147,100,46,1,2024-04-10 17:38,R_2mnkVE0UGzyRh4S,,,,,34.2644,-78.0591,anonymous,EN,0,0,6.216,0,2,25.041,25.041,29.886,1,4,2,5,2.896,6.017,8.063,3,15,63656699c6cdc76f67843db5,11,6616a611b1d4fd89aac7dfaa,661722d0f5b40f4c8e8f376e,11_Diamond1
2024-04-10 17:42,2024-04-10 17:42,0,75.210.218.48,100,31,1,2024-04-10 17:42,R_1pXBHbzmaKf3TeO,,,,,41.8045,-87.9046,anonymous,EN,0,0,1.374,0,2,19.768,19.768,21.556,1,4,2,5,2.998,5.78,6.4,3,15,66071678c9a44e2d92afd818,11,6616a611b1d4fd89aac7dfaa,661723b84c22ae760bdbffe8,11_Diamond1
2024-04-10 17:43,2024-04-10 17:46,0,104.230.152.195,100,149,1,2024-04-10 17:46,R_2AkKi9s5ncaCBUJ,,,,,39.338,-82.986,anonymous,EN,0,0,3.296,0,2,1.537,131.981,134.278,35,4,2,4,2.591,8.291,8.882,5,14,65c8d376936d1e6b58b5d9a9,11,6616a611b1d4fd89aac7dfaa,6617242765264a0308a307e2,11_Diamond1
2024-04-10 17:46,2024-04-10 17:46,0,146.115.150.114,100,29,1,2024-04-10 17:46,R_2YJdGLqFNIYffYR,,,,,42.366,-71.2271,anonymous,EN,0,0,4.27,0,1,12.527,12.527,13.85,1,5,2,5,4.728,8.01,9.981,3,17,5de3c365fafd423bbf0a50a2,11,6616a611b1d4fd89aac7dfaa,661724af42c7a1e3256afb5c,11_Diamond1
2024-04-10 17:48,2024-04-10 17:48,0,66.56.24.181,100,48,1,2024-04-10 17:48,R_1wAlK2VPW4mV392,,,,,33.6992,-84.7478,anonymous,EN,0,0,8.467,0,3,6.65,28.617,29.858,8,4,2,5,2.325,6.918,7.892,5,14,5da91247b601ff0012baa8b1,11,6616a611b1d4fd89aac7dfaa,66172525092b3229c9371766,11_Diamond1
2024-04-10 17:53,2024-04-10 17:54,0,108.31.170.224,100,43,1,2024-04-10 17:54,R_2e8eqYEjpftbyVX,,,,,38.9489,-76.9352,anonymous,EN,0,0,4.446,0,3,28.892,28.892,30.618,1,5,2,5,2.346,5.607,6.693,4,15,65e09a9c5999a6c58863a657,11,6616a611b1d4fd89aac7dfaa,6617266127af7b6595bd32f8,11_Diamond1
2024-04-10 17:54,2024-04-10 17:55,0,162.198.130.238,100,52,1,2024-04-10 17:55,R_34CyhbC79thSsU1,,,,,34.0297,-84.1469,anonymous,EN,0.925,0.925,1.301,1,1,7.127,7.127,44.843,1,4,2,4,1.44,2.897,4.064,3,15,54af2a48fdf99b09c01b3801,11,6616a611b1d4fd89aac7dfaa,661726959f3d0353f995f7af,11_Diamond1
2024-04-10 17:57,2024-04-10 17:58,0,24.60.169.227,100,59,1,2024-04-10 17:58,R_3k7QCVgzhcW1WEh,,,,,41.3645,-71.9722,anonymous,EN,0,0,7.528,0,2,0.858,36.802,38.014,8,4,2,4,5.471,11.599,12.387,7,14,65f8db7018b849109b55ec19,11,6616a611b1d4fd89aac7dfaa,6617275ba03e1b5c297b1729,11_Diamond1
2024-04-10 18:00,2024-04-10 18:01,0,24.25.217.206,100,45,1,2024-04-10 18:01,R_1zTlsgQ684zCKia,,,,,33.0924,-117.2624,anonymous,EN,0,0,2.967,0,1,26.593,26.593,29.666,1,5,2,5,5.049,8.337,9.064,3,17,6152305042a5020fd676cae3,11,6616a611b1d4fd89aac7dfaa,66172806052026667ea749e2,11_Diamond1
2024-04-10 18:02,2024-04-10 18:03,0,174.63.198.139,100,97,1,2024-04-10 18:03,R_5XiGSXEVIjlOzYC,,,,,33.3601,-82.0084,anonymous,EN,0,0,6.403,0,1,34.611,54.832,55.867,2,4,2,4,29.21,32.456,33.401,3,15,65c111f100af1af81e3f444d,11,6616a611b1d4fd89aac7dfaa,6617286929d63b5d1e802464,11_Diamond1
2024-04-10 18:08,2024-04-10 18:08,0,175.29.118.87,100,21,1,2024-04-10 18:08,R_8mq0Bh7Sw8O1aw2,,,,,32.7776,-79.9413,anonymous,EN,0,0,1.064,0,5,1.231,2.062,2.923,2,5,2,5,9.901,11.337,13.326,6,13,63ebd1cd6715f8cbe3405c82,11,6616a611b1d4fd89aac7dfaa,661729d87a847632c50aee36,11_Diamond1
2024-04-10 18:13,2024-04-10 18:14,0,75.19.160.90,100,62,1,2024-04-10 18:14,R_3CWGrHbrq3LFX2g,,,,,33.8625,-117.586,anonymous,EN,0,0,5.598,0,1,12.936,32.352,34.287,9,4,2,3,7.829,18.779,19.585,4,14,5f6787c9a3217b3911fc13f1,11,6616a611b1d4fd89aac7dfaa,66172aede8905f7cc211cb97,11_Diamond1
2024-04-10 18:16,2024-04-10 18:16,0,73.24.155.116,100,20,1,2024-04-10 18:16,R_5QKUljYMcjegMVp,,,,,32.3383,-111.0455,anonymous,EN,0,0,2.469,0,1,10.012,10.604,11.537,2,4,2,5,2.412,4.653,5.331,3,16,62d76df137345826d19ca256,11,6616a611b1d4fd89aac7dfaa,66172bd9ef7388d903a2bb35,11_Diamond1
2024-04-10 18:19,2024-04-10 18:20,0,174.51.217.97,100,32,1,2024-04-10 18:20,R_5VkJP3lTlTjn52G,,,,,40.4961,-105.0002,anonymous,EN,0,0,4.249,0,4,16.952,16.952,18.379,1,4,2,5,3.121,6.701,7.496,3,13,60b650210876e36127d8f557,11,6616a611b1d4fd89aac7dfaa,66172c91c5b8dd7cffea4053,11_Diamond1
2024-04-10 18:21,2024-04-10 18:23,0,75.234.237.89,100,93,1,2024-04-10 18:23,R_71e2H9J83kGmAQF,,,,,38.5569,-121.3627,anonymous,EN,0,0,1.275,0,3,18.032,66.746,79.893,6,3,2,5,3.121,9.15,9.745,5,13,65f9200b96211e5163eb912e,11,6616a611b1d4fd89aac7dfaa,66172cd3895a702fed715837,11_Diamond1
2024-04-10 18:24,2024-04-10 18:24,0,99.154.1.22,100,46,1,2024-04-10 18:24,R_74WOrUMMtl6E76N,,,,,29.3763,-98.3884,anonymous,EN,0,0,4.902,0,2,7.109,29.23,30.273,7,4,2,4,2.848,8.05,8.841,4,14,60fd62870049129d0183b3ad,11,6616a611b1d4fd89aac7dfaa,66172d8f895a702fed715862,11_Diamond1
2024-04-10 18:28,2024-04-10 18:28,0,172.56.248.170,100,30,1,2024-04-10 18:28,R_233BxvfJuZe7e6A,,,,,39.8079,-86.0949,anonymous,EN,0,0,4.261,0,1,13.429,13.429,14.746,1,5,2,5,2.963,6.298,7.193,3,17,60fee1a0234ddea6fd998ba0,11,6616a611b1d4fd89aac7dfaa,66172e87a9357cb40f187432,11_Diamond1
2024-04-10 18:34,2024-04-10 18:35,0,98.38.172.41,100,26,1,2024-04-10 18:35,R_2jPAwLHcRu1ugJr,,,,,40.4236,-105.0935,anonymous,EN,0,0,3.116,0,2,15.327,15.327,16.401,1,4,2,5,2.17,4.139,4.693,3,15,5f084fffd931c103fbd4228a,11,6616a611b1d4fd89aac7dfaa,661730289011184cd7dbe41e,11_Diamond1
2024-04-10 18:30,2024-04-10 18:35,0,35.148.142.30,100,299,1,2024-04-10 18:35,R_7VI3TkcfBis7pSe,,,,,36.7328,-76.5898,anonymous,EN,1.319,1.319,2.393,1,5,259.231,259.231,260.189,1,1,2,1,4.24,33.025,34.169,4,5,62e6c5d05d354e1f99d612e4,11,6616a611b1d4fd89aac7dfaa,66172e87e5e593b2b3573a48,11_Diamond1
2024-04-10 18:38,2024-04-10 18:38,0,174.235.211.239,100,26,1,2024-04-10 18:38,R_1NKzRt73eWFUAp5,,,,,41.2315,-96.0519,anonymous,EN,0,0,1.292,0,1,2.253,13.809,14.801,8,4,2,1,2.412,6.336,6.871,5,12,5fcfbee098277e12c671ee44,11,6616a611b1d4fd89aac7dfaa,661730eb9f30b7c9a77dfa7a,11_Diamond1
2024-04-10 18:40,2024-04-10 18:42,0,207.144.114.88,100,116,1,2024-04-10 18:42,R_2QEOPs9i8x3ooxX,,,,,33.1962,-80.0245,anonymous,EN,0,0,3.222,0,2,94.373,94.373,96.308,1,4,2,5,5.286,9.979,10.791,4,15,629fb59ba81f4f5791475548,11,6616a611b1d4fd89aac7dfaa,66172fbccbe16bba2c31e16e,11_Diamond1
2024-04-10 18:45,2024-04-10 18:45,0,75.170.119.161,100,36,1,2024-04-10 18:46,R_8PIdMDvrNHEoHG1,,,,,36.4837,-76.1147,anonymous,EN,0,0,3.887,0,1,7.758,7.758,20.075,1,4,2,5,4.285,8.824,9.627,3,16,65eba4518da362a6dcc2c3a1,11,6616a611b1d4fd89aac7dfaa,66173291ca7ff1f825406722,11_Diamond1
2024-04-10 18:48,2024-04-10 18:49,0,184.153.8.160,100,31,1,2024-04-10 18:49,R_1MaGNJJ3LNkoB2E,,,,,40.7653,-73.9589,anonymous,EN,0,0,1.785,0,2,18.37,18.37,19.659,1,4,2,4,2.894,6.236,7.228,4,14,62de07068d3fc358ac048e3c,11,6616a611b1d4fd89aac7dfaa,66173366e846d11d7f7b3d03,11_Diamond1
2024-04-10 18:49,2024-04-10 18:50,0,172.56.169.26,100,27,1,2024-04-10 18:50,R_7zQK6W4nuxBC7qp,,,,,38.6226,-121.3885,anonymous,EN,0,0,1.344,0,2,1.658,14.471,15.95,12,3,2,4,2.51,6.766,7.293,5,13,63d6e83151ee69023dc7c84d,11,6616a611b1d4fd89aac7dfaa,6617339e29d63b5d1e802759,11_Diamond1
2024-04-10 18:54,2024-04-10 18:54,0,96.27.93.193,100,26,1,2024-04-10 18:54,R_2eWKCyOLuFeC6No,,,,,42.1453,-83.2176,anonymous,EN,0,0,3.436,0,1,13.251,13.251,14.382,1,4,2,5,2.637,5.383,6.294,3,16,63d1834e69a637cd32f16634,11,6616a611b1d4fd89aac7dfaa,661734975fb7f510a6715d1e,11_Diamond1
2024-04-10 19:00,2024-04-10 19:02,0,67.187.92.189,100,71,1,2024-04-10 19:02,R_2d19qGtcfsKfBl2,,,,,36.2756,-87.0425,anonymous,EN,0,0,4.555,0,4,47.15,47.15,49.655,1,4,2,4,6.287,13.066,15.001,3,12,65dba34df7c807a7ccaaeea8,11,6616a611b1d4fd89aac7dfaa,66173631f217cf2d95a74d50,11_Diamond1
2024-04-10 19:04,2024-04-10 19:05,0,75.210.156.160,100,29,1,2024-04-10 19:05,R_3fdtFXky9b00sHD,,,,,41.804,-87.707,anonymous,EN,0,0,1.325,0,2,18.118,18.118,21.18,1,4,2,4,2.6,4.716,5.576,3,14,65df6fd09e88861f253c9566,11,6616a611b1d4fd89aac7dfaa,66173718f639f67754d5a5e7,11_Diamond1
2024-04-10 19:11,2024-04-10 19:12,0,154.160.19.109,100,59,1,2024-04-10 19:12,R_1F56H8d1kjl32Nm,,,,,5.5486,-0.2012,anonymous,EN,0,0,4.708,0,1,28.092,28.092,30.96,1,4,2,4,5.144,13.598,15.767,3,15,647007e9095a009099c92e6d,11,6616a611b1d4fd89aac7dfaa,6617384c7a847632c50af1a6,11_Diamond1
2024-04-10 19:13,2024-04-10 19:14,0,47.134.66.73,100,65,1,2024-04-10 19:14,R_87JeQJxaLpk8wBK,,,,,36.7328,-76.5898,anonymous,EN,0,0,5.178,0,4,15.255,39.566,40.193,8,3,2,2,9.872,14.299,15.184,3,9,65a7de5923185e4e18c8589a,11,6616a611b1d4fd89aac7dfaa,661739186d19956b6d49277d,11_Diamond1
2024-04-10 19:12,2024-04-10 19:14,0,75.189.51.131,100,160,1,2024-04-10 19:14,R_5lK3Ggu44x8VRch,,,,,34.1416,-80.8886,anonymous,EN,8.332,8.332,10.434,1,1,35.373,42.264,44.893,2,4,2,4,96.672,100.162,103.586,3,15,5e69076e64d2fb1bc091241a,11,6616a611b1d4fd89aac7dfaa,6617386836fc70d7da6db159,11_Diamond1
2024-04-10 19:20,2024-04-10 19:21,0,12.75.128.78,100,50,1,2024-04-10 19:21,R_5dNBAZXOiTo0wtG,,,,,45.5496,-122.8293,anonymous,EN,0,0,5.327,0,2,25.588,31.47,32.355,4,4,2,4,3.101,7.437,8.5,3,14,545cfcd0fdf99b7f9e325502,11,6616a611b1d4fd89aac7dfaa,66173ac1fc751cc3c6862119,11_Diamond1
2024-04-10 19:21,2024-04-10 19:22,0,47.186.25.104,100,29,1,2024-04-10 19:22,R_5pQCoQDVJr9JM8Z,,,,,33.0225,-96.729,anonymous,EN,0,0,1.265,0,5,5.528,19.408,20.323,5,2,2,3,2.163,5.734,6.287,3,8,614662c1c31697525616534f,11,6616a611b1d4fd89aac7dfaa,66173b1f1824cc47fe7b1b5a,11_Diamond1