StartDate,EndDate,Status,IPAddress,Progress,Duration (in seconds),Finished,RecordedDate,ResponseId,RecipientLastName,RecipientFirstName,RecipientEmail,ExternalReference,LocationLatitude,LocationLongitude,DistributionChannel,UserLanguage,Gender,Gender_4_TEXT,age_1,marital,Ethnicity_1,Ethnicity_2,Ethnicity_3,Ethnicity_4,Ethnicity_5,Ethnicity_6,Ethnicity_7,Ethnicity_8,Ethnicity_-99,Ethnicity_8_TEXT,Income,sex_or,Education,Moderators2_t_First Click,Moderators2_t_Last Click,Moderators2_t_Page Submit,Moderators2_t_Click Count,PROLIFIC_PID,GrpNum,STUDY_ID,SESSION_ID
4/10/2024 12:44,4/10/2024 12:45,0,68.101.30.215,100,30,1,4/10/2024 12:45,R_2ByZk4qaHSEW23f,,,,,30.7806,-86.4965,anonymous,EN,1,,61,2,,1,,,,,,,,,3,1,2,2.141,26.82,29.937,7,58cd449293499d00013488fe,11,6616a611b1d4fd89aac7dfaa,6616ebd1ba83000e77f9d8a2
4/10/2024 12:50,4/10/2024 12:51,0,107.221.137.204,100,35,1,4/10/2024 12:51,R_2xQdkrzERM4my70,,,,,29.7738,-95.406,anonymous,EN,2,,54,2,,1,,,,,,,,,2,1,3,4.267,33.018,34.572,8,65ccf7acb72d141f952ec5d0,11,6616a611b1d4fd89aac7dfaa,6616ed2451f61b24642fba00
4/10/2024 12:52,4/10/2024 12:52,0,173.76.199.212,100,22,1,4/10/2024 12:52,R_7JRYhZyJrefc4ar,,,,,42.2546,-71.4564,anonymous,EN,1,,35,3,,,,,,1,,,,,6,2,5,1.321,20.339,21.962,8,65b84788b0a24fc4e6fc33d4,11,6616a611b1d4fd89aac7dfaa,6616edc0b7e65940e5c6ed39
4/10/2024 12:52,4/10/2024 12:53,0,71.86.50.144,100,29,1,4/10/2024 12:53,R_3rHRgPSTlPcAP1W,,,,,38.812,-89.9627,anonymous,EN,2,,23,1,,1,,,,,,,,,2,1,4,1.339,27.539,29.176,9,5f63a44eab61a10c3fc59075,11,6616a611b1d4fd89aac7dfaa,6616ede061342a74196064d0
4/10/2024 12:57,4/10/2024 12:57,0,98.96.123.25,100,21,1,4/10/2024 12:57,R_2ELjAyPREcapLoh,,,,,30.2121,-95.5263,anonymous,EN,1,,40,2,,,,1,,,,,,,6,1,4,1.477,18.792,20.84,9,65ada6e68a55fce62429015e,11,6616a611b1d4fd89aac7dfaa,6616eede71a82418f9bc7e7d
4/10/2024 12:59,4/10/2024 12:59,0,23.126.188.153,100,19,1,4/10/2024 12:59,R_7AGGanX3EusurPH,,,,,34.0915,-118.1307,anonymous,EN,2,,21,1,,,,,1,,,,,,5,1,2,1.032,17.252,18.762,15,65ac1f1f0cc1792287becdd7,11,6616a611b1d4fd89aac7dfaa,6616ee308461d4b49c31d544
4/10/2024 13:02,4/10/2024 13:03,0,73.193.195.92,100,14,1,4/10/2024 13:03,R_3F3rUOJmO1pMrpw,,,,,39.9484,-74.9875,anonymous,EN,1,,35,1,,1,,,,,,,,,1,2,2,0.766,11.966,14.323,7,558980cdfdf99b7ae47f5a75,11,6616a611b1d4fd89aac7dfaa,6616f00300dadcc6fcdcdc3b
4/10/2024 13:05,4/10/2024 13:05,0,76.122.10.47,100,22,1,4/10/2024 13:06,R_1NXtTDFEaoCjM5T,,,,,29.6669,-81.6579,anonymous,EN,2,,62,1,,1,,,,,,,,,2,3,4,2.139,20.011,21.665,8,645e7b6f73146e7738e162e7,11,6616a611b1d4fd89aac7dfaa,6616f0c2f217cf2d95a73f1f
4/10/2024 13:08,4/10/2024 13:08,0,104.182.104.183,100,26,1,4/10/2024 13:08,R_7dGviO3wPSi2rZX,,,,,29.7133,-95.4804,anonymous,EN,2,,22,1,,,,,,,,1,,Southeast Asian,3,1,3,1.263,23.948,25.829,9,5e99277dbebef715e0d63f95,11,6616a611b1d4fd89aac7dfaa,6616f17f5e29f6ff5359cae1
4/10/2024 13:08,4/10/2024 13:08,0,162.129.252.234,100,18,1,4/10/2024 13:08,R_7DXFyTe538URzne,,,,,39.2891,-76.5583,anonymous,EN,2,,29,2,,1,,,,,,,,,4,-99,5,2.494,17.539,18.324,15,5da8c5381d32d70017b1f490,11,6616a611b1d4fd89aac7dfaa,6616f17588de00512f02b208
4/10/2024 13:10,4/10/2024 13:10,0,174.216.209.3,100,23,1,4/10/2024 13:10,R_1o1HPxx77yvNECg,,,,,40.6739,-73.9358,anonymous,EN,2,,18,1,,1,,,,,,,,,5,1,2,1.139,22.305,22.793,20,65f647c74af96460db093800,11,6616a611b1d4fd89aac7dfaa,6616f17f2911f89c6e292f2c
4/10/2024 13:12,4/10/2024 13:13,0,174.29.89.18,100,47,1,4/10/2024 13:13,R_2ZdM5ihpapLoipr,,,,,39.7067,-104.9694,anonymous,EN,2,,35,1,,,,,,1,,,,,6,1,4,2.756,45.835,47.301,9,660c580dbc397556d9eecb3c,11,6616a611b1d4fd89aac7dfaa,6616f262d4841a81db91e972
4/10/2024 13:15,4/10/2024 13:15,0,75.74.55.243,100,37,1,4/10/2024 13:15,R_7PT8oeIwdLJxAwm,,,,,25.8696,-80.3073,anonymous,EN,2,,56,2,,,,1,,,,,,,3,1,2,1.708,23.647,37.36,7,63d475f2b52ddc6fbab9ce52,11,6616a611b1d4fd89aac7dfaa,6616f2c8830e8d3f6ca95722
4/10/2024 13:17,4/10/2024 13:17,0,173.243.179.150,100,24,1,4/10/2024 13:17,R_13pq6vDpiU7pDco,,,,,39.1397,-86.5141,anonymous,EN,2,,52,2,,1,,,,,,,,,6,2,5,1.604,21.088,23.819,8,5f204669f76d642ec0e15267,11,6616a611b1d4fd89aac7dfaa,6616f39ffc751cc3c68613e4
4/10/2024 13:17,4/10/2024 13:18,0,24.208.130.216,100,71,1,4/10/2024 13:18,R_1Jwus6JyIElTAw9,,,,,39.9072,-82.7553,anonymous,EN,1,,34,1,,1,,,,,,,,,2,1,2,9.215,66.832,68.506,12,55bd40a5fdf99b46824c84d6,11,6616a611b1d4fd89aac7dfaa,6616f32f51f61b24642fbb19
4/10/2024 13:19,4/10/2024 13:21,0,76.150.203.199,100,123,1,4/10/2024 13:21,R_5NeaHIzY3hS8ZfH,,,,,42.1643,-88.3124,anonymous,EN,-99,,51,-99,,,,,,,,,1,,-99,1,-99,99.359,120.933,121.882,12,5a95976f1ade740001b8cb2b,11,6616a611b1d4fd89aac7dfaa,6616f40b9011184cd7dbd8c7
4/10/2024 13:21,4/10/2024 13:21,0,172.103.86.105,100,18,1,4/10/2024 13:21,R_32PoglWKz1IKPZB,,,,,33.2124,-97.066,anonymous,EN,2,,24,1,,1,,,,,,,,,1,1,3,1.542,16.341,17.585,7,610047b91150f99de033112c,11,6616a611b1d4fd89aac7dfaa,6616f492bbac762b031ce5d1
4/10/2024 13:23,4/10/2024 13:23,0,136.226.56.95,100,22,1,4/10/2024 13:23,R_6QKu6EFAyjCR8Pj,,,,,47.6034,-122.3414,anonymous,EN,1,,43,2,,1,,,,,,,,,6,1,4,1.104,20.437,21.011,8,643f385f50c7a5996c445a37,11,6616a611b1d4fd89aac7dfaa,6616f4e6a26801f36df1f896
4/10/2024 13:24,4/10/2024 13:25,0,67.171.144.17,100,22,1,4/10/2024 13:25,R_4JtGnt1faNBF22l,,,,,45.4508,-122.7941,anonymous,EN,2,,34,2,,,,,1,,,,,,5,1,5,4.161,20.3,20.971,13,59107216127b0b00011fabea,11,6616a611b1d4fd89aac7dfaa,6616f570b5024c13df19df40
4/10/2024 13:26,4/10/2024 13:27,0,172.58.253.80,100,65,1,4/10/2024 13:27,R_7iUYZPaBLWai1uF,,,,,35.2916,-80.8201,anonymous,EN,2,,32,2,,,1,,,,,,,,3,1,5,44.471,62.861,64.112,14,6568f71e4bde2a6c9da07cc7,11,6616a611b1d4fd89aac7dfaa,6616f56cd68022d1064eb509
4/10/2024 13:28,4/10/2024 13:28,0,174.164.35.156,100,28,1,4/10/2024 13:28,R_7dAzdChkpxijdss,,,,,47.1271,-122.3929,anonymous,EN,2,,25,1,,,,,,,,,1,,-99,3,4,0.9,26.463,27.647,12,65cb86a7e667e637599a3af3,11,6616a611b1d4fd89aac7dfaa,6616f613509d476ccb65eb50
4/10/2024 13:30,4/10/2024 13:31,0,172.56.209.205,100,24,1,4/10/2024 13:31,R_6VDqOEB4GbJOtMd,,,,,36.2038,-115.2255,anonymous,EN,1,,47,2,,,,,,1,,,,,6,1,5,2.212,22.265,22.996,19,660464221f87c540c58e8d6c,11,6616a611b1d4fd89aac7dfaa,6616f6cea57eaa2b5cd5990a
4/10/2024 13:33,4/10/2024 13:34,0,67.167.244.4,100,30,1,4/10/2024 13:34,R_8dxIpE1eNlacCgF,,,,,42.0107,-87.6657,anonymous,EN,2,,44,1,,,,,1,,,,,,6,1,4,1.881,27.22,29.644,7,656d3cf5c7a413e298817922,11,6616a611b1d4fd89aac7dfaa,6616f742f835d4bb1578097a
4/10/2024 13:34,4/10/2024 13:35,0,73.209.26.246,100,38,1,4/10/2024 13:35,R_5dczYh4LXXJ2PC7,,,,,42.216,-88.0771,anonymous,EN,2,,63,3,,1,,,,,,,,,2,1,3,1.901,36.644,37.447,7,65aebd6cdb6f3bf0e8760517,11,6616a611b1d4fd89aac7dfaa,6616f7aee7aa81fbd60dfafd
4/10/2024 13:35,4/10/2024 13:35,0,65.114.115.154,100,18,1,4/10/2024 13:35,R_6KdKl5nGOm9iCEP,,,,,43.8013,-91.2134,anonymous,EN,1,,34,2,,,,,,1,,,,,6,1,4,2.203,15.317,16.77,7,5fc5d5a9e27b9c167634b709,11,6616a611b1d4fd89aac7dfaa,6616f6a0c40c5dc838b7fb9b
4/10/2024 13:35,4/10/2024 13:36,0,172.59.137.104,100,35,1,4/10/2024 13:36,R_7OPsustWvp8Zalg,,,,,40.4236,-79.9825,anonymous,EN,1,,23,-99,,1,,,,,,,,,1,2,2,1.341,29.35,30.976,16,5c7d6064f066ff001468d0f5,11,6616a611b1d4fd89aac7dfaa,6616f7f2e7aa81fbd60dfb08
4/10/2024 13:37,4/10/2024 13:38,0,166.198.250.38,100,36,1,4/10/2024 13:38,R_2OTq6WqbPkNa0cp,,,,,32.6537,-97.3742,anonymous,EN,2,,37,2,,,1,,,,,,,,6,1,4,9.522,34.103,35.036,18,5d69ac222b85a000015e352f,11,6616a611b1d4fd89aac7dfaa,6616f82bf6730256e1c23fd7
4/10/2024 13:38,4/10/2024 13:39,0,70.22.167.140,100,26,1,4/10/2024 13:39,R_2KZT3qIXKeXmdW1,,,,,42.747,-73.7527,anonymous,EN,2,,45,2,,1,,,,,,1,,Jewish,5,3,4,1.2,24.88,26.264,22,5be4af2d8306570001933076,11,6616a611b1d4fd89aac7dfaa,6616f89f252cd202424d009b
4/10/2024 13:39,4/10/2024 13:40,0,174.207.36.169,100,48,1,4/10/2024 13:40,R_4lbondsK0HwVBKD,,,,,40.0827,-82.921,anonymous,EN,1,,67,3,,,1,,,,,,,,5,1,4,11.573,38.21,40.569,28,647e208b034b5ab3a4c837a8,11,6616a611b1d4fd89aac7dfaa,6616f80af0eb14f582c60770
4/10/2024 13:40,4/10/2024 13:41,0,47.155.150.108,100,24,1,4/10/2024 13:41,R_78WXaJSNY2MDngZ,,,,,37.1357,-121.6502,anonymous,EN,1,,29,1,,,,,,,,1,,South-East Asian,5,1,4,1.321,22.259,23.863,8,614182c75b0d551a62c8e368,11,6616a611b1d4fd89aac7dfaa,6616f909108d685a141a09a1
4/10/2024 13:41,4/10/2024 13:42,0,98.44.23.111,100,26,1,4/10/2024 13:42,R_7MGM0BWQVnpatQR,,,,,29.7373,-95.3972,anonymous,EN,1,,73,3,,1,,,,,,,,,6,1,4,1.648,24.427,25.828,7,62885de1cdfe242015ccacef,11,6616a611b1d4fd89aac7dfaa,6616f941c40c5dc838b7fbe3
4/10/2024 13:43,4/10/2024 13:43,0,108.93.145.223,100,27,1,4/10/2024 13:43,R_3003nyedmMSHJ3V,,,,,34.0297,-84.1469,anonymous,EN,2,,29,2,,,1,,,,,,,,6,1,4,1.09,26.019,27.003,14,65c116106c65fd9357ae3ada,11,6616a611b1d4fd89aac7dfaa,6616f99c252cd202424d00b3
4/10/2024 13:44,4/10/2024 13:44,0,172.59.96.59,100,21,1,4/10/2024 13:44,R_7OjelBDqz7NopNR,,,,,43.1193,-87.9505,anonymous,EN,1,,69,2,,1,,,,,,,,,2,1,5,1.167,19.743,20.88,7,614e26c35cd6b957428a1b4c,11,6616a611b1d4fd89aac7dfaa,6616f9def15d6ac34ca9bceb
4/10/2024 13:45,4/10/2024 13:45,0,108.224.165.164,100,23,1,4/10/2024 13:45,R_2MHvi2BfieZUAM1,,,,,26.782,-80.0653,anonymous,EN,1,,67,2,,1,,,,,,,,,1,1,4,1.31,20.132,21.447,8,5ec764942256df19e155432c,11,6616a611b1d4fd89aac7dfaa,6616fa048c834c0664e42dc3
4/10/2024 13:46,4/10/2024 13:46,0,23.119.175.212,100,16,1,4/10/2024 13:46,R_2XISP4UUvqMRtWF,,,,,29.6918,-95.6526,anonymous,EN,1,,36,1,,,,1,,,,,,,2,1,2,0.948,13.238,15.58,8,628e24c80b3e2b2e0d7a5af1,11,6616a611b1d4fd89aac7dfaa,6616f803bb9b8729f66019f1
4/10/2024 13:48,4/10/2024 13:48,0,172.59.225.166,100,30,1,4/10/2024 13:48,R_2jKp4ZoVOLQOU7v,,,,,39.6993,-104.8814,anonymous,EN,2,,40,2,,1,,,,,,,,,6,1,4,12.235,28.34,28.8,18,614de785b8b89e4aba599f03,11,6616a611b1d4fd89aac7dfaa,6616fabf15ce4924c10a1287
4/10/2024 13:48,4/10/2024 13:49,0,172.59.105.61,100,32,1,4/10/2024 13:49,R_2TvBicEKo23Ezue,,,,,29.9607,-90.0754,anonymous,EN,2,,31,1,,,1,,,,,,,,3,1,3,2.343,28.824,29.465,17,5d4deacbd056d00019082be9,11,6616a611b1d4fd89aac7dfaa,6616fabb9efdaa0bcae9a4c0
4/10/2024 13:49,4/10/2024 13:49,0,69.123.8.208,100,19,1,4/10/2024 13:49,R_3VxNjw32QIR4qy0,,,,,40.2459,-74.2813,anonymous,EN,2,,30,1,,1,,,,,,,,,6,1,4,1.172,18.083,18.883,7,5b147696d282ff00015c2c4e,11,6616a611b1d4fd89aac7dfaa,6616fb289b546d6414ed004e
4/10/2024 13:50,4/10/2024 13:50,0,72.23.123.106,100,29,1,4/10/2024 13:50,R_2f1CVTxlfbdos1p,,,,,40.6124,-80.064,anonymous,EN,3,,31,1,,1,,,,,,,,,2,3,4,1.468,27.178,27.971,12,60f657824394dac9902c821f,11,6616a611b1d4fd89aac7dfaa,6616fb5bea63bde1ad7f84a0
4/10/2024 13:51,4/10/2024 13:52,0,207.44.33.244,100,38,1,4/10/2024 13:52,R_5hznrS7g0CORd5h,,,,,40.7962,-76.4226,anonymous,EN,2,,42,2,,1,,,,,,,,,6,1,4,1.184,37.313,38.12,16,60f702e41d616d91c2606417,11,6616a611b1d4fd89aac7dfaa,6616fb979d6bd047bf4cd73d
4/10/2024 13:52,4/10/2024 13:52,0,70.108.27.201,100,27,1,4/10/2024 13:52,R_7js3w4ObXRqrQu5,,,,,38.9307,-77.1673,anonymous,EN,2,,35,1,,1,,,,,,,,,2,1,4,9.719,26.273,27.01,8,5a6f60e4efd3a7000120f057,11,6616a611b1d4fd89aac7dfaa,6616fb68f15d6ac34ca9bd23
4/10/2024 13:53,4/10/2024 13:54,0,68.116.180.170,100,16,1,4/10/2024 13:54,R_1M02G0nO5idpayl,,,,,42.1287,-71.9654,anonymous,EN,2,,45,3,,1,,,,,,,,,6,1,4,2.045,13.454,15.716,7,5f65597823696e0e9bd8f63a,11,6616a611b1d4fd89aac7dfaa,6616fc344e4d4932d8d40c42
4/10/2024 13:54,4/10/2024 13:54,0,184.15.221.194,100,24,1,4/10/2024 13:54,R_3xcmlsCfhCHiNQ5,,,,,39.494,-80.2221,anonymous,EN,2,,47,2,,1,,,,,,,,,6,1,3,1.496,21.355,22.802,11,570d891d42a1db000fc65b4d,11,6616a611b1d4fd89aac7dfaa,6616fc383d7de68d9ba9bbba
4/10/2024 13:54,4/10/2024 13:55,0,74.70.84.173,100,31,1,4/10/2024 13:55,R_7WSfAhS20Ll86FT,,,,,42.7273,-73.6696,anonymous,EN,1,,36,1,,1,,,,,,,,,2,1,2,1.929,27.724,29.645,7,5f8bb3a1eb9d442f36abe7d9,11,6616a611b1d4fd89aac7dfaa,6616fc3b94235898523f022d
4/10/2024 13:57,4/10/2024 13:57,0,98.33.103.154,100,26,1,4/10/2024 13:57,R_2kMSSK7PObwoaB4,,,,,36.7126,-121.6437,anonymous,EN,1,,37,1,,,,1,,,,,,,1,1,3,1.114,24.37,25.488,15,62e1bc1f7bc99745a170ce2e,11,6616a611b1d4fd89aac7dfaa,6616fcfa9d6bd047bf4cd77c
4/10/2024 13:58,4/10/2024 13:58,0,65.132.65.210,100,22,1,4/10/2024 13:58,R_12QlcRiiLDNuCeu,,,,,38.8549,-104.9026,anonymous,EN,2,,38,1,,1,,,,,,,,,3,3,4,1.908,19.7,21.34,9,60727eebacdee663b1b649ca,11,6616a611b1d4fd89aac7dfaa,6616fd2ffa5df358170817d1
4/10/2024 13:58,4/10/2024 13:59,0,98.146.182.117,100,21,1,4/10/2024 13:59,R_5ZKbRkwTrfmgf4G,,,,,47.7242,-116.7834,anonymous,EN,2,,37,1,,1,,,,,,,,,2,1,2,1.104,18.773,20.833,8,5589ce75fdf99b18be3203d2,11,6616a611b1d4fd89aac7dfaa,6616fd53b5e26fc692ff7972
4/10/2024 13:59,4/10/2024 14:00,0,73.90.201.118,100,29,1,4/10/2024 14:00,R_50qbOzK9WW4gWl3,,,,,38.5559,-121.7391,anonymous,EN,2,,21,1,,,,,1,,,,,,1,1,4,1.295,26.379,28.518,8,65ee434eaa1aed668c84eb70,11,6616a611b1d4fd89aac7dfaa,6616fd6f9f0b8ad5b4002c80
4/10/2024 14:01,4/10/2024 14:01,0,174.231.20.163,100,43,1,4/10/2024 14:01,R_1KUEVffKMNb1RSK,,,,,33.4342,-111.8454,anonymous,EN,2,,57,2,,1,,,,,,,,,6,1,5,3.317,35,35.5,24,6010b744db280e455a5250bd,11,6616a611b1d4fd89aac7dfaa,6616fc12cfe93d3011da855c
4/10/2024 14:02,4/10/2024 14:02,0,174.102.200.166,100,22,1,4/10/2024 14:02,R_2h4vW6iE7rVzSId,,,,,45.1302,-87.6262,anonymous,EN,2,,65,1,,1,,,,,,,,,1,1,4,2.03,17.466,18.284,9,5934a676e7866d0001618b81,11,6616a611b1d4fd89aac7dfaa,6616fdf9b5024c13df19e0b2
4/10/2024 14:02,4/10/2024 14:02,0,76.112.123.186,100,24,1,4/10/2024 14:02,R_1k0uSJ4ePil2PpC,,,,,43.0213,-85.6064,anonymous,EN,2,,24,1,,1,,,,,,,,,1,1,4,2.019,23.296,24.306,8,605bd9acd66170da8fbcdc92,11,6616a611b1d4fd89aac7dfaa,6616fdbf4a1c6387856b21dc
4/10/2024 14:03,4/10/2024 14:03,0,47.203.3.249,100,20,1,4/10/2024 14:03,R_271e9dW5QS73njB,,,,,28.2365,-82.3289,anonymous,EN,2,,28,1,,1,,1,,,,,,,1,1,4,3.952,19.229,20.072,8,657b17288770b694bfd70fba,11,6616a611b1d4fd89aac7dfaa,6616fe4eecd84ffbc849ec49
4/10/2024 14:03,4/10/2024 14:04,0,32.215.21.135,100,59,1,4/10/2024 14:04,R_2OQUdp96wFmrWtH,,,,,41.5351,-73.0369,anonymous,EN,2,,53,2,,,1,1,,,,,,,4,1,2,4.711,57.078,58.2,15,645d33ec4a2f50e44e027000,11,6616a611b1d4fd89aac7dfaa,6616fe1cd659f18714af0fe8
4/10/2024 14:04,4/10/2024 14:04,0,107.15.242.149,100,14,1,4/10/2024 14:04,R_7enbwNlZW7smwiv,,,,,36.0229,-78.9464,anonymous,EN,1,,41,1,,1,,,,,,,,,3,1,4,1.405,11.41,14.172,8,58211fc787f6b90001f13f90,11,6616a611b1d4fd89aac7dfaa,6616feaeaeef1c6c1fe42d6d
4/10/2024 14:04,4/10/2024 14:05,0,71.82.56.208,100,74,1,4/10/2024 14:05,R_5OO3V9bW09YxvwS,,,,,43.582,-83.873,anonymous,EN,1,,34,1,,1,,,,,,,,,3,1,2,61.017,72.994,73.907,9,6032aa14166df72d4c8a331f,11,6616a611b1d4fd89aac7dfaa,6616feac925e6e8c4fdee902
4/10/2024 14:05,4/10/2024 14:06,0,172.56.169.196,100,21,1,4/10/2024 14:06,R_70TXHSPCRWZA7b7,,,,,38.6226,-121.3885,anonymous,EN,2,,38,2,,,1,,,,,,,,6,1,3,1.101,18.649,19.422,13,56bd7bf3d4e2180005a86846,11,6616a611b1d4fd89aac7dfaa,6616fef8b6d245ef8eeb60dc
4/10/2024 14:06,4/10/2024 14:07,0,98.45.205.220,100,16,1,4/10/2024 14:07,R_82lJCRCoSLSrs4e,,,,,37.7506,-122.4121,anonymous,EN,1,,27,1,,1,,,,,,,,,6,1,4,1.357,14.008,15.08,8,6036b0ed3d54aab7c5dc3c04,11,6616a611b1d4fd89aac7dfaa,6616ff519d6bd047bf4cd7ef
4/10/2024 14:08,4/10/2024 14:08,0,107.217.93.175,100,22,1,4/10/2024 14:08,R_7lJt4JfiQIAEQpn,,,,,39.9573,-86.277,anonymous,EN,1,,24,1,,,,,,1,,,,,5,1,4,4.276,20.319,21.542,12,5ee7903e80706a01ea855d36,11,6616a611b1d4fd89aac7dfaa,6616ff88fc610ea2f9c6ef3c
4/10/2024 14:08,4/10/2024 14:09,0,99.21.151.221,100,28,1,4/10/2024 14:09,R_36hGxmdOHPhshsj,,,,,37.6976,-121.0369,anonymous,EN,2,,24,1,,,,1,,,,,,,1,3,4,1.084,25.312,26.126,15,5ec89ac144972a37fb659ffa,11,6616a611b1d4fd89aac7dfaa,6616ff92c0eb5ac6e29f3b07
4/10/2024 14:09,4/10/2024 14:09,0,192.180.206.137,100,19,1,4/10/2024 14:09,R_52DaxCAtWPr8VLn,,,,,39.9418,-83.8357,anonymous,EN,1,,40,2,,1,,,,,,,,,6,3,4,0.873,18.799,19.451,9,63e55bb2f8e6aec6a4031bd8,11,6616a611b1d4fd89aac7dfaa,6616ffc3ecd84ffbc849ec83
4/10/2024 14:09,4/10/2024 14:10,0,108.250.113.62,100,25,1,4/10/2024 14:10,R_1M5Mwl0hNtsIimM,,,,,37.4395,-87.4704,anonymous,EN,2,,28,1,,1,,,,,,,,,1,3,4,1.4,23.859,24.131,24,5d3df9b23bf3780015abf56f,11,6616a611b1d4fd89aac7dfaa,6616ffec850294b7290f878b
4/10/2024 14:11,4/10/2024 14:11,0,108.21.57.66,100,11,1,4/10/2024 14:11,R_1dEK8fEceqdOoGe,,,,,40.7429,-73.9392,anonymous,EN,2,,33,2,,,,,1,,,,,,6,1,4,0.901,10.418,11.35,7,60819dd29a63569b48b584ea,11,6616a611b1d4fd89aac7dfaa,6617003b5f96b52eaa90ce76
4/10/2024 14:11,4/10/2024 14:12,0,75.118.227.233,100,27,1,4/10/2024 14:12,R_19uhRZgFAxLEwIs,,,,,41.3957,-81.8157,anonymous,EN,1,,38,2,,1,,,,,,,,,6,3,3,1.225,23.454,26.493,7,6040558e6700552508a8f9b5,11,6616a611b1d4fd89aac7dfaa,66170033dbd49045a9b7fd53
4/10/2024 14:13,4/10/2024 14:13,0,69.206.243.150,100,22,1,4/10/2024 14:13,R_2sSEIkowIRvGxux,,,,,40.7579,-73.9332,anonymous,EN,2,,46,3,,,,,1,,,,,,6,1,5,1.823,20.928,22.238,7,65513436964e241ee99a5083,11,6616a611b1d4fd89aac7dfaa,661700735f96b52eaa90ce7e
4/10/2024 14:12,4/10/2024 14:13,0,107.77.229.95,100,62,1,4/10/2024 14:13,R_7n6LrQVBi4yDVRy,,,,,33.9883,-118.3294,anonymous,EN,2,,53,2,,1,,,,,,,,,6,1,2,1.402,58.958,61.464,14,65ece7276520f931963292b2,11,6616a611b1d4fd89aac7dfaa,66170074e846d11d7f7b32b0
4/10/2024 14:14,4/10/2024 14:15,0,71.83.252.170,100,33,1,4/10/2024 14:15,R_7wgwoOwsIy0kvkd,,,,,46.2532,-119.2864,anonymous,EN,1,,43,1,,,,,,1,,,,,6,1,4,2.129,30.542,31.526,23,5c5fca504fff5700017ecd34,11,6616a611b1d4fd89aac7dfaa,661700f6642a5cc354041535
4/10/2024 14:15,4/10/2024 14:15,0,71.78.23.147,100,14,1,4/10/2024 14:15,R_1drzrMTVnkQvZDj,,,,,32.926,-96.9666,anonymous,EN,1,,24,1,,,,,1,,,,,,5,1,4,0.848,12.53,13.203,7,5ede9f90fec542124bb8e167,11,6616a611b1d4fd89aac7dfaa,66170156554018847580c055
4/10/2024 14:15,4/10/2024 14:15,0,174.208.45.63,100,38,1,4/10/2024 14:15,R_2hoMlJ3u2pTUwhX,,,,,42.8354,-78.7573,anonymous,EN,2,,29,1,,1,,,,,,,,,6,1,5,5.573,36.148,36.835,18,5e2a079b3d8aa107066c51c6,11,6616a611b1d4fd89aac7dfaa,6617010f65264a0308a3014f
4/10/2024 14:15,4/10/2024 14:15,0,98.109.174.181,100,34,1,4/10/2024 14:15,R_78zXlcQUpepEh5Y,,,,,40.9241,-74.514,anonymous,EN,2,,77,2,,1,,,,,,,,,5,1,4,5.329,32.597,34.173,12,5e51c83155087a204d8e7f1f,11,6616a611b1d4fd89aac7dfaa,66170106930682ea90c8ed80
4/10/2024 14:16,4/10/2024 14:17,0,174.195.83.152,100,19,1,4/10/2024 14:17,R_2kzUmgtTTsW5EUS,,,,,37.6538,-122.4257,anonymous,EN,2,,39,2,,,,,1,,,,,,5,1,4,2.088,16.968,17.718,19,65e7a2d360162fe9d3288649,11,6616a611b1d4fd89aac7dfaa,6617017d6d19956b6d491bcc
4/10/2024 14:16,4/10/2024 14:17,0,100.15.97.201,100,35,1,4/10/2024 14:17,R_3BmNQZb2zLkkCs1,,,,,39.0462,-77.1195,anonymous,EN,2,,18,1,,1,,,,,,,,,5,3,2,1.068,24.948,35.168,9,65fe3294e4b6f12f0cd8856a,11,6616a611b1d4fd89aac7dfaa,66170198f217cf2d95a74229
4/10/2024 14:18,4/10/2024 14:18,0,75.108.153.217,100,16,1,4/10/2024 14:18,R_7XKZzLeZGO37GBH,,,,,38.323,-81.664,anonymous,EN,2,,30,1,,1,,,,,,,,,2,2,2,1.016,14.751,15.61,10,5c525373e8fee700012f4c90,11,6616a611b1d4fd89aac7dfaa,661701eecbe16bba2c31d89d
4/10/2024 14:19,4/10/2024 14:19,0,73.164.245.69,100,16,1,4/10/2024 14:19,R_3lStMFGYU1wzbmR,,,,,45.4085,-122.7981,anonymous,EN,1,,60,2,,1,,,,,,,,,3,1,2,1.249,14.157,15.529,7,571178ec3d47e80011635b88,11,6616a611b1d4fd89aac7dfaa,66170233b6d245ef8eeb6148
4/10/2024 14:20,4/10/2024 14:20,0,104.172.145.81,100,26,1,4/10/2024 14:20,R_52YohjLWliTdhgf,,,,,34.2149,-119.1761,anonymous,EN,2,,39,2,,1,,,,,,,,,5,1,4,1.649,22.861,24.729,10,5ac50a19a3ba7a0001b4a483,11,6616a611b1d4fd89aac7dfaa,661701d5b209b699616b2489
4/10/2024 14:20,4/10/2024 14:20,0,99.62.160.55,100,20,1,4/10/2024 14:20,R_2lxbNnZLMIq26T8,,,,,38.5434,-90.0351,anonymous,EN,1,,33,2,,1,,,,,,,,,5,3,4,0.901,19.411,19.846,17,615eff7c4b10c65cfda7a4a2,11,6616a611b1d4fd89aac7dfaa,6617024eef5ff84605f43f3b
4/10/2024 14:20,4/10/2024 14:21,0,172.58.129.87,100,28,1,4/10/2024 14:21,R_7GutF1gRHwozdM5,,,,,25.9562,-80.1828,anonymous,EN,1,,33,2,,,1,,,,,,,,3,1,5,2.211,23.601,24.696,12,62d882e6a4564ff6bbeef874,11,6616a611b1d4fd89aac7dfaa,6617022853e75d7197ed95cc
4/10/2024 14:21,4/10/2024 14:21,0,162.142.63.109,100,20,1,4/10/2024 14:21,R_59tcbQ08fNU1NY9,,,,,40.4236,-105.0935,anonymous,EN,1,,28,2,,1,,,,,,,,,6,1,4,1.032,16.51,19.26,8,5bef41fa54277d000114d6ad,11,6616a611b1d4fd89aac7dfaa,66170283d659f18714af10a6
4/10/2024 14:22,4/10/2024 14:22,0,172.58.250.187,100,18,1,4/10/2024 14:22,R_1yrrqrxZOX64FO7,,,,,35.2369,-80.8957,anonymous,EN,2,,22,1,,1,,,,,,,,,1,3,4,1.124,17.238,17.887,19,60fcf79b3beb6f5b749a64b9,11,6616a611b1d4fd89aac7dfaa,661702f4c40c5dc838b7fd78
4/10/2024 14:22,4/10/2024 14:23,0,68.42.95.15,100,16,1,4/10/2024 14:23,R_5RVXf5km3ydqv9q,,,,,42.2316,-83.2659,anonymous,EN,2,,43,3,,1,,,,,,,,,5,1,4,0.985,14.315,14.79,17,5cb5e6927a92c500015c0de1,11,6616a611b1d4fd89aac7dfaa,661702ce453929b4ed429852
4/10/2024 14:24,4/10/2024 14:24,0,174.198.65.44,100,29,1,4/10/2024 14:24,R_6kbHGxrvPQjsOf7,,,,,41.2341,-96.169,anonymous,EN,1,,36,1,,1,,,,,,,,,2,1,2,1.631,24.163,25.921,8,5a69f41df10cdb0001b10329,11,6616a611b1d4fd89aac7dfaa,66170334617c09f9f245f7f8
4/10/2024 14:25,4/10/2024 14:25,0,73.250.158.37,100,30,1,4/10/2024 14:25,R_7QLtYDb230h9TzQ,,,,,39.4889,-77.8889,anonymous,EN,2,,26,1,,1,,,,,,,,,2,3,2,1.544,24.618,27.901,14,6550de88683355a74699844c,11,6616a611b1d4fd89aac7dfaa,661703424e4d4932d8d40d70
4/10/2024 14:25,4/10/2024 14:26,0,71.32.149.86,100,16,1,4/10/2024 14:26,R_7NVyeIGgfml2i1Y,,,,,40.9928,-87.1067,anonymous,EN,2,,43,2,,1,,,,,,,,,3,1,4,1.595,15.504,15.849,15,5e1371f92b12bd9a96c2d902,11,6616a611b1d4fd89aac7dfaa,661703b88c834c0664e42fd4
4/10/2024 14:25,4/10/2024 14:26,0,75.187.157.164,100,84,1,4/10/2024 14:26,R_1TT7BgQFPZFv4tP,,,,,38.1405,-85.6936,anonymous,EN,2,,27,1,,1,,,,,,,,,4,-99,2,2.005,43.046,45.5,14,6101ef1676d38820d1002ef5,11,6616a611b1d4fd89aac7dfaa,6617037c01681e4bb7a30302
4/10/2024 14:26,4/10/2024 14:27,0,75.139.154.232,100,20,1,4/10/2024 14:27,R_3mEg9cbdyM8Y9Mp,,,,,33.9332,-83.3536,anonymous,EN,1,,28,1,,1,,,,,,,,,5,1,2,0.944,18.3,20.098,7,62f70dd38becd2f7f2ce53a8,11,6616a611b1d4fd89aac7dfaa,661703be76bdbadd4b5865d3
4/10/2024 14:27,4/10/2024 14:27,0,73.65.8.50,100,11,1,4/10/2024 14:27,R_33eERlfSi9AwviC,,,,,44.6713,-93.6195,anonymous,EN,1,,29,2,,1,,,,,,,,,6,1,4,1.17,10.309,10.989,7,5e7acbd0373d5e0c087a112c,11,6616a611b1d4fd89aac7dfaa,661703f5b7e65940e5c6f0d8
4/10/2024 14:27,4/10/2024 14:27,0,173.94.97.125,100,41,1,4/10/2024 14:27,R_1rOEVyhHcfB9t4U,,,,,36.1825,-79.8103,anonymous,EN,2,,57,3,,1,1,,,,,,,,1,1,2,2.402,38.702,39.534,31,59d1e366faf42e00012b6c1c,11,6616a611b1d4fd89aac7dfaa,661703ea850294b7290f883f
4/10/2024 14:28,4/10/2024 14:29,0,50.21.204.185,100,36,1,4/10/2024 14:29,R_72zItqeHZPaq84k,,,,,40.3663,-105.524,anonymous,EN,2,,64,2,,1,,,,,,,,,5,1,4,2.336,34.673,35.538,13,60eb1a7c95641da67ae7d611,11,6616a611b1d4fd89aac7dfaa,66170410f639f67754d59b0a
4/10/2024 14:28,4/10/2024 14:29,0,76.147.45.252,100,76,1,4/10/2024 14:29,R_5HJrqz2EETTew7L,,,,,47.8534,-122.2438,anonymous,EN,1,,55,2,,,,1,,,,,,,6,1,5,1.671,74.586,75.102,21,5c2d426389f035000175d171,11,6616a611b1d4fd89aac7dfaa,6617044bcf88672dfa13f0ac
4/10/2024 14:29,4/10/2024 14:30,0,174.100.193.72,100,30,1,4/10/2024 14:30,R_3rNESc3xdjx27Co,,,,,41.4712,-81.5248,anonymous,EN,2,,41,2,,1,,,,,,,,,6,3,5,2.247,28.822,30.062,11,5de7b588ff15c2a06658dd1d,11,6616a611b1d4fd89aac7dfaa,6617047ed0db7cf2c6a2b1b2
4/10/2024 14:30,4/10/2024 14:30,0,75.164.157.255,100,23,1,4/10/2024 14:30,R_896uAEVKQ62e27d,,,,,45.5472,-122.6417,anonymous,EN,2,,41,2,,1,,,,,,,,,6,1,4,2.203,22.436,22.856,20,65fb8ca81b65d15d66ce49f7,11,6616a611b1d4fd89aac7dfaa,661704aa39340bf59586cb0d
4/10/2024 14:30,4/10/2024 14:30,0,75.4.201.41,100,23,1,4/10/2024 14:30,R_7VHRW0IBcWJaOFb,,,,,37.3177,-122.0438,anonymous,EN,2,,36,2,,,,,,,,1,,Southeast Asian,6,1,5,1.318,21.946,23.228,8,655f96ce8f08d768bcf76976,11,6616a611b1d4fd89aac7dfaa,661704c7714151fe4cae8451
4/10/2024 14:31,4/10/2024 14:32,0,72.180.177.19,100,32,1,4/10/2024 14:32,R_711dXAUv3q4rweR,,,,,25.9244,-97.4626,anonymous,EN,1,,35,1,,1,,1,,,,,,,2,1,4,2.474,27.965,31.618,8,5c0c90e7632102000147c3cc,11,6616a611b1d4fd89aac7dfaa,6617049d5bd3d8a5a8ca1e72
4/10/2024 14:32,4/10/2024 14:33,0,184.155.229.176,100,30,1,4/10/2024 14:33,R_1BzH87w0URtBVCb,,,,,43.492,-112.0592,anonymous,EN,2,,65,3,,1,,,,,,,,,5,1,3,3.107,27.493,29.41,8,65e22b2cb3efd22e847d0bf0,11,6616a611b1d4fd89aac7dfaa,6617053d1a91c28d009d7b6e
4/10/2024 14:33,4/10/2024 14:33,0,128.118.145.58,100,18,1,4/10/2024 14:33,R_5q4yexEyNXNJ8FG,,,,,39.9517,-76.7064,anonymous,EN,2,,40,2,,1,,,,,,,,,6,1,5,0.979,16.578,17.56,7,5ac5207ee1546900019c0279,11,6616a611b1d4fd89aac7dfaa,6617051f1ed3e450b152df3e
4/10/2024 14:33,4/10/2024 14:33,0,69.114.112.123,100,15,1,4/10/2024 14:33,R_5reKB2atIXXjSy0,,,,,40.6221,-73.981,anonymous,EN,-99,,27,1,,1,,1,,,,,,,3,-99,4,1.221,13.593,14.967,13,58ab2db50da7f10001de8e34,11,6616a611b1d4fd89aac7dfaa,6617057c453929b4ed4298cb
4/10/2024 14:34,4/10/2024 14:34,0,172.115.87.70,100,22,1,4/10/2024 14:34,R_5nCSc40p1xK8Dtf,,,,,34.11,-117.2955,anonymous,EN,1,,42,1,,1,,,,,,,,,4,1,3,1.353,20.4,21.53,8,5ffb8c5b60571908f3ac19fa,11,6616a611b1d4fd89aac7dfaa,661705b34328cafb30ea7fa3
4/10/2024 14:34,4/10/2024 14:35,0,69.120.57.96,100,48,1,4/10/2024 14:35,R_2FOPmzQJENWUUdv,,,,,40.8806,-74.1456,anonymous,EN,1,,38,3,,1,,,,,,,,,2,1,2,1.455,44.754,47.179,8,6400ed09421b2727c2f7c553,11,6616a611b1d4fd89aac7dfaa,6617057321706d900529ca5e
4/10/2024 14:36,4/10/2024 14:36,0,70.177.112.172,100,22,1,4/10/2024 14:36,R_2l3IAMfk1kgsELM,,,,,36.1175,-95.8196,anonymous,EN,1,,36,1,,,1,,,,,,,,1,1,2,1.233,20.872,21.751,21,6138f7e0ad42e592ca5f2024,11,6616a611b1d4fd89aac7dfaa,6617060b4144a13c3b0c8c66
4/10/2024 14:37,4/10/2024 14:37,0,208.196.103.207,100,19,1,4/10/2024 14:37,R_2YOvX2vgXWYBc9b,,,,,35.9875,-84.1168,anonymous,EN,1,,24,2,,1,,,,,,,,,5,1,4,2.267,15.84,17.832,7,628e4993121877fe4ae59f29,11,6616a611b1d4fd89aac7dfaa,6617058571a82418f9bc8320
4/10/2024 14:35,4/10/2024 14:37,0,184.52.89.122,100,118,1,4/10/2024 14:37,R_2EhrHcBcYyD2AfL,,,,,37.751,-97.822,anonymous,EN,1,,41,1,,1,,,,,,,,,2,2,4,2.794,113.465,115.716,14,5c2c6e432c45d400014a35e3,11,6616a611b1d4fd89aac7dfaa,661705e9d0da0897f2dce0aa
4/10/2024 14:37,4/10/2024 14:37,0,24.13.131.91,100,24,1,4/10/2024 14:37,R_51NHBRNky8zf8Ki,,,,,39.8616,-88.9355,anonymous,EN,2,,28,1,,,,,1,,,,,,5,1,5,1.443,22.641,23.378,7,63d1e114550c261e5d78a941,11,6616a611b1d4fd89aac7dfaa,6617067039340bf59586cb43
4/10/2024 14:37,4/10/2024 14:38,0,24.62.188.156,100,30,1,4/10/2024 14:38,R_3ffNjntP58NYKp1,,,,,43.6171,-72.9636,anonymous,EN,2,,70,3,,1,,,,,,,,,2,1,5,1.659,26.856,27.995,13,62e92ac314e2c0f89236aed1,11,6616a611b1d4fd89aac7dfaa,6617064cd0da0897f2dce0b5
4/10/2024 14:38,4/10/2024 14:39,0,71.173.143.33,100,20,1,4/10/2024 14:39,R_5s0H148RHFvmbjl,,,,,40.1788,-77.0047,anonymous,EN,1,,37,2,,1,,,,,,,,,4,1,4,1.117,17.551,20.144,14,62dc6d329a5144ff8b61afb9,11,6616a611b1d4fd89aac7dfaa,661706aace05fa2012c984d5
4/10/2024 14:39,4/10/2024 14:40,0,24.115.50.57,100,24,1,4/10/2024 14:40,R_1nr5ls4f5A9VioQ,,,,,41.2208,-75.7736,anonymous,EN,2,,59,4,,1,,,,,,,,,2,1,3,2.618,22.03,24.203,18,5dbf8f6351b13c414a1c490c,11,6616a611b1d4fd89aac7dfaa,661706d765377b341dbd5219
4/10/2024 14:39,4/10/2024 14:40,0,207.172.101.145,100,22,1,4/10/2024 14:40,R_5fziqEOsqX5AQut,,,,,40.8545,-75.1683,anonymous,EN,1,,58,1,,1,,,,,,,,,1,1,5,3.7,20.22,21.611,7,641385c88f29eb3264283818,11,6616a611b1d4fd89aac7dfaa,661706e3c0b45eebb3041662
4/10/2024 14:40,4/10/2024 14:41,0,71.58.76.117,100,13,1,4/10/2024 14:41,R_2B9FNvVnQKdKrRv,,,,,40.7957,-77.8618,anonymous,EN,1,,23,1,,1,,,,,,,,,2,1,4,1.124,12.614,13.309,7,5f394ce53b053607008f4b74,11,6616a611b1d4fd89aac7dfaa,6617073d00dadcc6fcdce002
4/10/2024 14:39,4/10/2024 14:42,0,68.103.131.132,100,135,1,4/10/2024 14:42,R_3N9qKYvSpRrfZQt,,,,,38.3746,-97.673,anonymous,EN,2,,40,2,,1,,,,,,,,,3,1,2,1.105,23.836,134.853,8,608bfa04767191aa4d57bfd8,11,6616a611b1d4fd89aac7dfaa,661706e84e318e0bcb0f8907
4/10/2024 14:41,4/10/2024 14:42,0,50.46.163.243,100,78,1,4/10/2024 14:42,R_2BX3nchBewFPe1j,,,,,45.496,-122.7998,anonymous,EN,1,,38,2,,1,,,,,,,,,6,1,5,1.046,75.976,77.402,7,5e3ac9d20d41ad2da023d9ae,11,6616a611b1d4fd89aac7dfaa,6617073600dadcc6fcdcdfff
4/10/2024 14:42,4/10/2024 14:42,0,174.224.22.238,100,20,1,4/10/2024 14:42,R_52x080311UdRtjk,,,,,32.7797,-96.8022,anonymous,EN,2,,31,2,,1,1,,,,,,,,2,1,4,1.217,18.847,19.94,10,660d1bad09ccf21621f94e0f,11,6616a611b1d4fd89aac7dfaa,6617077be846d11d7f7b33c7
4/10/2024 14:42,4/10/2024 14:43,0,35.144.90.155,100,19,1,4/10/2024 14:43,R_2tcBHJWOAtTvxcZ,,,,,38.5491,-90.1601,anonymous,EN,1,,37,1,,,1,,,,,,,,1,1,2,1.176,16.823,17.462,17,615de5ffd3c522eef3c49556,11,6616a611b1d4fd89aac7dfaa,661707831824cc47fe7b1057
4/10/2024 14:43,4/10/2024 14:43,0,68.1.124.29,100,12,1,4/10/2024 14:43,R_5Yn71wNo7RQofdN,,,,,30.4132,-87.3138,anonymous,EN,1,,32,1,,1,,,,,,,,,5,1,3,0.878,10.983,11.73,7,62f8f9a33bc7d6d2915ea840,11,6616a611b1d4fd89aac7dfaa,661707ce8bdd4ff53880c1b3
4/10/2024 14:43,4/10/2024 14:43,0,209.150.52.40,100,16,1,4/10/2024 14:43,R_2GxLdWFZ84rv93O,,,,,40.7465,-73.909,anonymous,EN,2,,22,1,,,,,1,,,,,,2,3,4,0.859,14.6,15.339,8,65cbbc3c58b74649b3cd7bf1,11,6616a611b1d4fd89aac7dfaa,661707cad18e7684a6d4168f
4/10/2024 14:44,4/10/2024 14:45,0,24.220.52.197,100,26,1,4/10/2024 14:45,R_2ERSorRMn7m1fog,,,,,47.8977,-97.0394,anonymous,EN,1,,40,2,,1,,,,,,,,,5,1,4,1.25,21.317,23.541,8,5d63867550d0dd0017805976,11,6616a611b1d4fd89aac7dfaa,661708151e843e116d2dcb8b
4/10/2024 14:45,4/10/2024 14:45,0,72.224.156.192,100,23,1,4/10/2024 14:45,R_1ElEWcybc0EZ2HJ,,,,,43.0475,-77.094,anonymous,EN,2,,72,2,,1,,,,,,,,,4,1,2,3.366,22.078,22.8,19,63480954af4c7db036aa6595,11,6616a611b1d4fd89aac7dfaa,66170810ecb13063c7450de2
4/10/2024 14:45,4/10/2024 14:46,0,66.181.117.240,100,17,1,4/10/2024 14:46,R_7obt4y2wGHwQq2G,,,,,44.7845,-68.7561,anonymous,EN,1,,21,1,,1,,,,,,,,,4,1,2,1.178,14.327,17,7,6287a504c4cb277cf781b6bb,11,6616a611b1d4fd89aac7dfaa,66170839bbac762b031ce9a4
4/10/2024 14:46,4/10/2024 14:46,0,76.33.22.151,100,38,1,4/10/2024 14:46,R_5q2PurhtLNw6F7e,,,,,32.8192,-117.1002,anonymous,EN,2,,69,3,,1,,,,,,,,,6,2,5,1.422,36.02,37.436,8,57321c8ec63b5c000f367bb2,11,6616a611b1d4fd89aac7dfaa,661708791e843e116d2dcb9b
4/10/2024 14:47,4/10/2024 14:48,0,172.118.75.234,100,41,1,4/10/2024 14:48,R_8S8EDlmnDbWsnid,,,,,34.2529,-118.418,anonymous,EN,1,,22,1,,1,,,,,,,,,1,1,4,1.79,37.918,40.318,15,65b94d4dc871916672fce70d,11,6616a611b1d4fd89aac7dfaa,661708a97132a63f70491cf7
4/10/2024 14:48,4/10/2024 14:48,0,76.37.156.113,100,16,1,4/10/2024 14:48,R_3Zv7SN8KmVwRj21,,,,,43.1612,-78.6946,anonymous,EN,2,,31,1,,1,,,,,,,,,3,1,2,1.295,14.929,16.173,8,63e52076fc677ee3ccce9a4d,11,6616a611b1d4fd89aac7dfaa,6617090bda3ea7e9792e5ba0
4/10/2024 14:48,4/10/2024 14:49,0,172.56.149.52,100,18,1,4/10/2024 14:49,R_2uFP03EU0s5g1Sp,,,,,43.6165,-116.2001,anonymous,EN,2,,29,3,,1,,,,,,,,,6,1,2,1.118,17.468,18.079,14,610790e286844c36e02f906c,11,6616a611b1d4fd89aac7dfaa,66170921deb4015d1d03f08b
4/10/2024 14:50,4/10/2024 14:50,0,174.229.26.192,100,20,1,4/10/2024 14:50,R_3eaMyUuQM54Pbzi,,,,,33.5226,-86.8033,anonymous,EN,2,,31,2,,1,,,,,,,,,5,1,5,1.354,18.725,19.489,14,660b2534de96cb799451b0b6,11,6616a611b1d4fd89aac7dfaa,6617096bea63bde1ad7f8717
4/10/2024 14:50,4/10/2024 14:50,0,68.231.193.126,100,21,1,4/10/2024 14:50,R_3et3m8aWQHF39BG,,,,,33.5157,-117.7109,anonymous,EN,1,,35,1,,1,,,,,,,,,2,1,2,2.822,18.077,20.583,7,5e1a7114a90da52e206de7ea,11,6616a611b1d4fd89aac7dfaa,66170969da3ea7e9792e5bbb
4/10/2024 14:50,4/10/2024 14:50,0,24.63.162.194,100,37,1,4/10/2024 14:50,R_5S785TwzBuCzSea,,,,,42.366,-71.2271,anonymous,EN,1,,69,1,,1,,,,,,,,,1,2,4,1.574,36.258,37.124,32,65ef357b330c3c8fd350b0ff,11,6616a611b1d4fd89aac7dfaa,661708b3714151fe4cae8513
4/10/2024 14:52,4/10/2024 14:52,0,136.226.85.24,100,16,1,4/10/2024 14:52,R_7YgMBg260ZzRpzH,,,,,41.8874,-87.6318,anonymous,EN,1,,39,2,,1,,,,,,,,,6,1,4,0.902,15.185,15.839,8,633c7424294f7a26710ca395,11,6616a611b1d4fd89aac7dfaa,661709e0617c09f9f245f91f
4/10/2024 14:51,4/10/2024 14:52,0,162.231.110.38,100,55,1,4/10/2024 14:52,R_2WvulfyNdoL6vwJ,,,,,42.6193,-82.961,anonymous,EN,2,,25,1,,1,,,,,,,,,6,1,4,2.86,52.07,53.041,7,5f11f98efbaf2b0ef855ec6b,11,6616a611b1d4fd89aac7dfaa,661709b8a26801f36df1fc10
4/10/2024 14:53,4/10/2024 14:53,0,98.58.82.32,100,23,1,4/10/2024 14:53,R_1EmW50PxLMIbNv3,,,,,26.4965,-81.8206,anonymous,EN,2,,59,3,,1,,,,,,,,,4,1,4,1.534,21.583,22.466,19,6483f9ebf7986bdbdbc0598c,11,6616a611b1d4fd89aac7dfaa,66170a0caeef1c6c1fe42f4f
4/10/2024 14:53,4/10/2024 14:54,0,174.249.82.147,100,42,1,4/10/2024 14:54,R_7Wg64hwx33DFh4Z,,,,,39.9843,-75.2266,anonymous,EN,1,,37,1,,1,,,,,,,,,3,1,4,3.308,39.98,40.455,36,604397dd75ab0c367e5f2604,11,6616a611b1d4fd89aac7dfaa,66170a2027af7b6595bd2d67
4/10/2024 14:55,4/10/2024 14:55,0,98.195.75.142,100,20,1,4/10/2024 14:55,R_7esn8zYaUcSK2uR,,,,,30.0409,-95.5302,anonymous,EN,1,,35,1,,,,,,1,,,,,2,1,3,1.52,17.632,20.142,9,652bec7edafaf7eb52260adc,11,6616a611b1d4fd89aac7dfaa,66170a8adf1ac458acda8820
4/10/2024 14:55,4/10/2024 14:55,0,174.16.32.29,100,22,1,4/10/2024 14:55,R_5VNHObwGbOrqtTu,,,,,39.7301,-104.9078,anonymous,EN,1,,67,2,,1,,,,,,,,,2,1,2,2.068,19.301,21.567,7,5de5dba9ff87c15699804260,11,6616a611b1d4fd89aac7dfaa,66170a8421706d900529cb2a
4/10/2024 14:55,4/10/2024 14:55,0,66.41.19.181,100,16,1,4/10/2024 14:55,R_5dyozTnQkGG5QbC,,,,,45.0116,-93.0351,anonymous,EN,2,,54,3,,,,,1,,,,,,6,3,5,2.094,14.812,15.71,7,6474a3bea5c73f10d2742769,11,6616a611b1d4fd89aac7dfaa,66170abd812012bfd17b3684
4/10/2024 14:56,4/10/2024 14:56,0,68.189.4.163,100,16,1,4/10/2024 14:56,R_3L1tiP1Pebnq7c8,,,,,35.168,-120.4644,anonymous,EN,2,,21,1,,,,,1,,,,,,5,1,2,1.104,14.604,16.07,7,60bd88b8fc436774352f53b9,11,6616a611b1d4fd89aac7dfaa,66170a40c24fdb22bb6da5e0
4/10/2024 14:56,4/10/2024 14:57,0,47.217.149.243,100,47,1,4/10/2024 14:57,R_7Sl4XBkDQ8oqElI,,,,,35.7445,-95.3451,anonymous,EN,1,,42,1,,1,,,,,,,,,1,2,2,4.23,45.849,46.758,16,55b424e1fdf99b526efcf8d0,11,6616a611b1d4fd89aac7dfaa,66170a913d7de68d9ba9be3f
4/10/2024 14:57,4/10/2024 14:57,0,47.147.63.230,100,24,1,4/10/2024 14:57,R_1lm7OXGZZZyOvm1,,,,,33.6056,-117.2662,anonymous,EN,2,,39,2,,,,1,,,,,,,5,1,2,1.891,20.39,22.469,11,606af90419f562e6af043de2,11,6616a611b1d4fd89aac7dfaa,66170b03fc751cc3c6861780
4/10/2024 14:58,4/10/2024 14:58,0,108.29.193.36,100,13,1,4/10/2024 14:58,R_2JlUuBLOiq9n3up,,,,,40.7828,-73.9745,anonymous,EN,1,,24,1,,,,,,,,1,,,6,1,4,0.879,12.132,12.925,7,65eb4bf83cd8843ed9896ba3,11,6616a611b1d4fd89aac7dfaa,66170b4cea63bde1ad7f8773
4/10/2024 14:58,4/10/2024 14:59,0,67.80.94.223,100,17,1,4/10/2024 14:59,R_7t9WhLJcLQ8Rcyq,,,,,40.9363,-74.6608,anonymous,EN,2,,38,2,,1,,,,,,,,,6,1,4,1.045,15.391,17.48,15,5f7a28b8bedcf2112ebd1289,11,6616a611b1d4fd89aac7dfaa,66170b3f21706d900529cb3e
4/10/2024 14:59,4/10/2024 14:59,0,71.162.2.89,100,16,1,4/10/2024 14:59,R_6ig3duYCSQH3FSJ,,,,,40.4725,-79.9109,anonymous,EN,1,,32,1,,1,1,,,,,,,,1,1,3,0.828,13.835,15.517,11,601b28841ca7bb2f8edaa293,11,6616a611b1d4fd89aac7dfaa,66170ba8a0cada45ab7df054
4/10/2024 15:00,4/10/2024 15:01,0,73.45.75.70,100,21,1,4/10/2024 15:01,R_20IvoCpSOCVHzNv,,,,,41.9025,-87.6726,anonymous,EN,1,,34,1,,,1,,,,,,,,1,2,1,0.968,17.23,20.757,10,5e872f5b3a32c337ba65aa68,11,6616a611b1d4fd89aac7dfaa,66170bc7b16f01f494afd6a6
4/10/2024 15:01,4/10/2024 15:01,0,69.14.115.38,100,40,1,4/10/2024 15:01,R_8nZVq7sHlolLpv3,,,,,42.518,-83.1576,anonymous,EN,1,,26,2,,,1,,,,,,,,6,1,5,2.889,27.443,30.286,8,61731c0ef27028acbfbbf972,11,6616a611b1d4fd89aac7dfaa,6617096ff835d4bb15780c59
4/10/2024 15:01,4/10/2024 15:02,0,50.82.56.192,100,30,1,4/10/2024 15:02,R_2y2Qzr9iLuzeFS9,,,,,37.1063,-93.7988,anonymous,EN,1,,56,3,,1,,,,,,,,,2,1,3,1.651,26.963,28.867,8,5f483fcda023e1304ce86119,11,6616a611b1d4fd89aac7dfaa,66170bea7132a63f70491d85
4/10/2024 15:01,4/10/2024 15:02,0,99.91.203.219,100,23,1,4/10/2024 15:02,R_1g8ipAdLW0DLDNA,,,,,39.711,-86.2591,anonymous,EN,1,,27,1,,,,,1,,,,,,6,1,4,1.294,19.63,22.99,26,5ee1be444c9d75206ce5aa92,11,6616a611b1d4fd89aac7dfaa,66170c2601681e4bb7a304c3
4/10/2024 15:03,4/10/2024 15:03,0,100.15.211.219,100,19,1,4/10/2024 15:03,R_8OqMQlLZ0Jce5FG,,,,,38.9379,-77.0859,anonymous,EN,2,,21,1,,1,,,,,,,,,3,1,4,1.9,17.041,18.093,7,62fb78e56561b48adbb5478c,11,6616a611b1d4fd89aac7dfaa,66170c6ab8b99ab194afd614
4/10/2024 15:04,4/10/2024 15:05,0,108.209.188.66,100,28,1,4/10/2024 15:05,R_3dQXAID2PltKoWT,,,,,38.2145,-85.2254,anonymous,EN,1,,58,2,,1,,,,,,,,,6,1,4,2.789,24.83,26.699,8,606479c20b621e3a22d6c0d5,11,6616a611b1d4fd89aac7dfaa,66170c8929d63b5d1e801ea8
4/10/2024 15:05,4/10/2024 15:05,0,73.187.221.137,100,20,1,4/10/2024 15:05,R_7NysSVEBPJ14yzS,,,,,40.009,-76.3631,anonymous,EN,2,,32,2,,1,,,,,,,,,2,1,2,2.149,17.937,19.476,8,660d77f6ef756b2e670c240b,11,6616a611b1d4fd89aac7dfaa,66170cc1495864ca330f868d
4/10/2024 15:05,4/10/2024 15:05,0,50.53.28.53,100,27,1,4/10/2024 15:05,R_7903KsibF0nOf5x,,,,,45.5152,-122.4167,anonymous,EN,1,,33,2,,1,,,,,,,,,6,1,4,1.074,12.793,27.073,10,6029b0e17f3b5d944ab183f1,11,6616a611b1d4fd89aac7dfaa,66170cd05c37186f3f315435
4/10/2024 15:05,4/10/2024 15:06,0,98.25.102.236,100,31,1,4/10/2024 15:06,R_1tcjm65Mgw6O4Im,,,,,33.0273,-80.1768,anonymous,EN,2,,52,2,,,,,,,,1,,mixed,6,1,5,2.214,27.581,28.776,9,5c05e9ffd183df000142a2ed,11,6616a611b1d4fd89aac7dfaa,66170d045fe5b3447b03cdbb
4/10/2024 15:06,4/10/2024 15:07,0,216.15.95.5,100,18,1,4/10/2024 15:07,R_7uXTbO0JnWRKzS1,,,,,40.595,-75.5289,anonymous,EN,1,,33,2,,1,,,,,,,,,4,1,5,1.27,16.811,17.401,20,628f76b86068bc13224921ce,11,6616a611b1d4fd89aac7dfaa,66170d50895a702fed7150f1
4/10/2024 15:06,4/10/2024 15:07,0,108.30.110.195,100,19,1,4/10/2024 15:07,R_7snY1q4ALqlvn8M,,,,,40.5948,-73.9715,anonymous,EN,2,,26,1,,,,,1,,,,,,1,1,4,1.28,18.1,19.277,21,65cb726783d6b993fc75b29e,11,6616a611b1d4fd89aac7dfaa,66170d36043a494609186d82
4/10/2024 15:07,4/10/2024 15:07,0,75.97.160.97,100,28,1,4/10/2024 15:07,R_3eiyCF7iG6eVePn,,,,,41.0169,-76.8394,anonymous,EN,2,,44,2,,1,,,,,,,,,6,1,5,1.369,27.454,28.099,17,65f48503f9b5e6a629ba03c8,11,6616a611b1d4fd89aac7dfaa,66170d474144a13c3b0c8dab
4/10/2024 15:08,4/10/2024 15:08,0,76.219.106.174,100,14,1,4/10/2024 15:08,R_7qrPuHnAhZn2G13,,,,,40.1104,-83.1131,anonymous,EN,1,,30,1,,,,,1,,,,,,6,1,4,2.002,13.141,14.124,7,6168b61ad8c0d63b37a92109,11,6616a611b1d4fd89aac7dfaa,66170d9d5bd3d8a5a8ca1fed
4/10/2024 15:08,4/10/2024 15:09,0,100.40.18.201,100,31,1,4/10/2024 15:09,R_84GXBxWSs2FRk2G,,,,,41.5099,-71.7365,anonymous,EN,1,,42,2,,1,,,,,,,,,6,1,4,0.919,29.004,29.791,17,5e0fa7e84d6bf16df6f5e1e0,11,6616a611b1d4fd89aac7dfaa,66170dcac4782334679d7e1a
4/10/2024 15:10,4/10/2024 15:10,0,64.82.180.42,100,21,1,4/10/2024 15:10,R_5lgyXt68CdAlOl6,,,,,34.4833,-89.0075,anonymous,EN,2,,51,3,,1,,,,,,,,,2,1,5,1.921,18.785,19.451,20,59dc4083ae9f950001d83b4b,11,6616a611b1d4fd89aac7dfaa,66170e11e2867f3854c2444f
4/10/2024 15:10,4/10/2024 15:11,0,174.225.48.35,100,41,1,4/10/2024 15:11,R_7areZVnrvQ9RGyY,,,,,37.2348,-79.9464,anonymous,EN,1,,43,2,,1,,,,,,,,,5,1,3,1.204,37.89,39.365,19,651f0d6c26e75447ae818a36,11,6616a611b1d4fd89aac7dfaa,66170e3b488493cce8e91f24
4/10/2024 15:11,4/10/2024 15:11,0,47.146.14.63,100,17,1,4/10/2024 15:11,R_5X6TcRpUgLrZky9,,,,,33.919,-117.2359,anonymous,EN,2,,49,2,,1,,,,,,,,,6,1,2,1.102,12.98,15.433,7,64e36d981d00e7d7c45addc2,11,6616a611b1d4fd89aac7dfaa,66170e56266a468cd492e458
4/10/2024 15:12,4/10/2024 15:12,0,76.102.129.245,100,15,1,4/10/2024 15:12,R_2duCbuEctCHqFah,,,,,37.2125,-121.8641,anonymous,EN,1,,44,2,,1,,,,,,,,,6,1,4,9.681,12.367,14.57,3,656330bce859fe9d4d59f7cd,11,6616a611b1d4fd89aac7dfaa,66170e9a895a702fed71512a
4/10/2024 15:12,4/10/2024 15:12,0,204.102.76.164,100,15,1,4/10/2024 15:12,R_8q8AxroR7U7DlDT,,,,,37.9043,-122.0584,anonymous,EN,1,,26,1,,1,,,1,,,,,,6,-99,4,0.991,13.911,14.637,9,610e9c38e56e8c8d463ff8d8,11,6616a611b1d4fd89aac7dfaa,66170ec1f8512b83076af748
4/10/2024 15:14,4/10/2024 15:14,0,108.231.47.239,100,20,1,4/10/2024 15:14,R_3gREn7lCHjgYujt,,,,,35.8974,-83.9425,anonymous,EN,2,,36,2,,1,,,,,,,,,6,1,3,1.327,18.376,19.75,11,611c0f606e7c5373600b2943,11,6616a611b1d4fd89aac7dfaa,66170f1a0e37da0dc699ba5a
4/10/2024 15:15,4/10/2024 15:15,0,73.253.203.137,100,19,1,4/10/2024 15:15,R_3scDRl0z1VVHKny,,,,,42.2463,-70.9972,anonymous,EN,2,,41,3,,1,1,,,,,,,,6,2,2,2.068,15.585,17.823,9,6330f30b973410dadd20eb64,11,6616a611b1d4fd89aac7dfaa,66170f139f3d0353f995f2d2
4/10/2024 15:16,4/10/2024 15:17,0,75.163.186.142,100,23,1,4/10/2024 15:17,R_1DwhGkqXWgdwrpi,,,,,39.0538,-104.8191,anonymous,EN,2,,49,2,,,,1,,,,,,,5,3,4,1.473,21.343,23.028,7,660869a6313d0d4669a22c4c,11,6616a611b1d4fd89aac7dfaa,66170f83092b3229c93712d4
4/10/2024 15:17,4/10/2024 15:17,0,173.21.232.45,100,37,1,4/10/2024 15:17,R_3LLLjulRpiNRv6O,,,,,46.8154,-92.1952,anonymous,EN,2,,49,1,,1,,,,,,,,,4,1,4,2.018,35.786,36.394,20,63f7aea5c5b447da24dc7d9a,11,6616a611b1d4fd89aac7dfaa,66170fa1aeef1c6c1fe43057
4/10/2024 15:18,4/10/2024 15:19,0,107.198.8.161,100,18,1,4/10/2024 15:19,R_7loLG6SZH4FG8CJ,,,,,33.0024,-117.2128,anonymous,EN,1,,27,2,,1,,,,,,,,,6,1,4,1.04,15.723,17.459,9,6533cda31746894c5e981a84,11,6616a611b1d4fd89aac7dfaa,6617102b2699d72980ed0522
4/10/2024 15:18,4/10/2024 15:19,0,107.145.76.180,100,31,1,4/10/2024 15:19,R_4KxyiwlCf8JMyOc,,,,,28.9351,-81.9903,anonymous,EN,2,,64,2,,1,,,,,,,,,5,1,5,4.095,30.037,30.777,16,65c8df0fe4188d52174cc6ef,11,6616a611b1d4fd89aac7dfaa,6617100323056ded9be91f45
4/10/2024 15:19,4/10/2024 15:19,0,162.17.89.133,100,23,1,4/10/2024 15:19,R_6mh3lYvjfo1pL1J,,,,,38.548,-121.4597,anonymous,EN,1,,28,2,,1,,,,,,,,,6,3,2,1.038,21.874,22.8,15,5f5e32a0d6a12c6857b8e127,11,6616a611b1d4fd89aac7dfaa,6617102a0e37da0dc699ba8e
4/10/2024 15:20,4/10/2024 15:21,0,192.180.221.95,100,36,1,4/10/2024 15:21,R_70ZsdOlI788UeSt,,,,,39.908,-83.8354,anonymous,EN,3,,40,2,,1,,,1,1,,,,,6,3,4,1.777,34.333,35.434,9,5f0d06846a31b81d18e83097,11,6616a611b1d4fd89aac7dfaa,6617106e29d63b5d1e801f56
4/10/2024 15:21,4/10/2024 15:21,0,172.56.249.44,100,21,1,4/10/2024 15:21,R_3GUNZaDTyuRmD69,,,,,39.8079,-86.0949,anonymous,EN,2,,64,3,,1,,,,,,,,,1,1,3,1.771,18.278,20.037,8,5ffd055afa9eac21f6e8bc6f,11,6616a611b1d4fd89aac7dfaa,661710b0d0da0897f2dce28d
4/10/2024 15:22,4/10/2024 15:22,0,68.162.79.181,100,18,1,4/10/2024 15:22,R_3d7fgK8gNMM2ksV,,,,,40.2327,-76.9331,anonymous,EN,1,,28,1,,1,1,,,,,,,,2,3,2,1.253,16.813,17.669,9,610898813e48dc2864965122,11,6616a611b1d4fd89aac7dfaa,66171018d0db7cf2c6a2b3ac
4/10/2024 15:22,4/10/2024 15:22,0,69.245.97.162,100,17,1,4/10/2024 15:22,R_12Li0wTSywgrDFP,,,,,32.1539,-81.1534,anonymous,EN,1,,26,1,,,,1,,,,,,,4,1,4,1.369,14.878,15.937,9,62f1b2691a5ac1c03a9987a0,11,6616a611b1d4fd89aac7dfaa,661710ee83b77849ef8619a0
4/10/2024 15:23,4/10/2024 15:23,0,162.83.152.120,100,29,1,4/10/2024 15:23,R_2rwv3nb43oXPqy5,,,,,40.9039,-73.837,anonymous,EN,2,,59,3,,1,1,,,,,,,,6,1,4,1.796,25.455,28.712,8,647dde92d730823a9e5c7f0f,11,6616a611b1d4fd89aac7dfaa,661710bc51f61b24642fc086
4/10/2024 15:24,4/10/2024 15:25,0,174.199.39.0,100,39,1,4/10/2024 15:25,R_7siAiD9kaFfpV21,,,,,44.9618,-93.2638,anonymous,EN,1,,32,2,,,1,,,,,,,,6,1,4,1.25,34.312,36.264,27,66068b5231b1940a490d59dc,11,6616a611b1d4fd89aac7dfaa,6617117a23056ded9be91f81
4/10/2024 15:25,4/10/2024 15:26,0,35.144.6.96,100,17,1,4/10/2024 15:26,R_6VFxxu0uiufcW5j,,,,,38.6433,-90.2575,anonymous,EN,1,,25,1,,1,,,,,,,,,3,1,5,1.086,16.622,16.8,11,569b36e3af9ad70006640dd9,11,6616a611b1d4fd89aac7dfaa,661711c0930682ea90c8f09d
4/10/2024 15:25,4/10/2024 15:26,0,174.141.150.150,100,32,1,4/10/2024 15:26,R_2JsjSG1Lzlth6ah,,,,,26.92,-80.0785,anonymous,EN,1,,74,2,,1,,,,,,,,,5,1,5,1.7,30.764,31.874,14,5c2fc98237733700013b646b,11,6616a611b1d4fd89aac7dfaa,661711b92911f89c6e2934d9
4/10/2024 15:27,4/10/2024 15:27,0,47.227.118.49,100,16,1,4/10/2024 15:27,R_3j9OYcCqbkciLm1,,,,,39.7436,-86.1158,anonymous,EN,1,,39,2,,1,,,,,,,,,6,1,5,1.914,15.444,15.972,15,5c27e76978fad500019328cc,11,6616a611b1d4fd89aac7dfaa,6617121a6d19956b6d491ed2
4/10/2024 15:28,4/10/2024 15:28,0,207.5.15.144,100,47,1,4/10/2024 15:28,R_6h3dXDgrgDBB3yQ,,,,,32.4301,-80.6694,anonymous,EN,2,,48,2,,,1,,,,,,,,6,3,5,16.408,43.834,44.757,27,651dc3d05cac9714062c2034,11,6616a611b1d4fd89aac7dfaa,661711aa99ca698ed799badb
4/10/2024 15:27,4/10/2024 15:29,0,47.196.87.176,100,79,1,4/10/2024 15:29,R_1t5p1IcJnjQXsZ3,,,,,27.9032,-82.2911,anonymous,EN,1,,53,1,,1,,,,1,,,,,3,1,5,2.264,76.648,78.954,10,660c8a887074b15a41de0d8f,11,6616a611b1d4fd89aac7dfaa,661712082911f89c6e2934e4
4/10/2024 15:29,4/10/2024 15:29,0,174.193.112.78,100,15,1,4/10/2024 15:29,R_29ncxREjRTeAX85,,,,,39.7933,-84.218,anonymous,EN,1,,38,2,,1,,,,,,,,,6,1,5,1.098,14.662,15.129,17,62e97dfea1a1ef00cb9f0b10,11,6616a611b1d4fd89aac7dfaa,6617128d9f3d0353f995f380
4/10/2024 15:30,4/10/2024 15:31,0,50.43.148.186,100,26,1,4/10/2024 15:31,R_1IQZQXqXJwV7bMd,,,,,40.5912,-83.1258,anonymous,EN,2,,33,2,,1,,,,,,,,,2,1,4,1.495,25.879,26.588,20,6610a177f1857159ab6ff983,11,6616a611b1d4fd89aac7dfaa,661712ad0a495b9ca686cd17
4/10/2024 15:32,4/10/2024 15:32,0,50.5.60.222,100,19,1,4/10/2024 15:32,R_2YlRqpgMkxPjeV3,,,,,39.1678,-84.4975,anonymous,EN,1,,32,1,,1,,,,,,,,,6,1,5,0.848,17.35,18.303,10,6600d245feae5e2cc190ce9d,11,6616a611b1d4fd89aac7dfaa,661713397fc752e94c45faa8
4/10/2024 15:32,4/10/2024 15:32,0,47.230.144.122,100,21,1,4/10/2024 15:32,R_5BbTGHG4cS8JejG,,,,,41.4535,-74.4774,anonymous,EN,2,,50,2,,1,,,,,,,,,4,1,3,1.99,19.661,20.864,10,63bc0a007b1c348dff56b59d,11,6616a611b1d4fd89aac7dfaa,661712ec3d55392ccac6134a
4/10/2024 15:31,4/10/2024 15:32,0,97.84.202.59,100,58,1,4/10/2024 15:32,R_3hyCI9JfFYGQXmL,,,,,43.4634,-84.028,anonymous,EN,1,,34,1,,,1,1,,,,,,,3,3,2,2.232,51.764,57.692,9,62eab7b53494af2a6cb73504,11,6616a611b1d4fd89aac7dfaa,66171301718fb40468d05597
4/10/2024 15:32,4/10/2024 15:33,0,98.149.8.66,100,24,1,4/10/2024 15:33,R_5ZVp0KECbyxaLx8,,,,,33.7518,-117.9932,anonymous,EN,1,,24,1,,,,,1,1,,,,,1,1,3,0.943,22.084,23.598,10,660853b2258943764a2a365b,11,6616a611b1d4fd89aac7dfaa,66171368b16f01f494afd841
4/10/2024 15:34,4/10/2024 15:34,0,24.61.194.5,100,22,1,4/10/2024 15:34,R_13nlfLO8rE9oHdv,,,,,42.5945,-71.3571,anonymous,EN,2,,32,1,,1,,,,,,,,,1,3,5,1.283,21.045,22.392,14,5fc545d64f24c403b68c5368,11,6616a611b1d4fd89aac7dfaa,661713a6d9ba2e3cc666db37
4/10/2024 15:35,4/10/2024 15:36,0,75.242.227.22,100,35,1,4/10/2024 15:36,R_1VyFq50f17VkaIE,,,,,39.1805,-84.4177,anonymous,EN,2,,40,1,,,1,,,,,,,,6,1,4,1.484,34.192,35.345,16,660d5ec6d080ce984b6b87bc,11,6616a611b1d4fd89aac7dfaa,661713b4617c09f9f245fafb
4/10/2024 15:36,4/10/2024 15:36,0,172.59.1.68,100,19,1,4/10/2024 15:36,R_7LwIMDQdisuyy8N,,,,,35.0506,-106.7249,anonymous,EN,2,,21,1,,,,,1,,,,,,1,3,2,1.389,17.968,19.276,10,613da55377390178e193ca3f,11,6616a611b1d4fd89aac7dfaa,661714300a495b9ca686cd69
4/10/2024 15:36,4/10/2024 15:36,0,73.207.149.206,100,16,1,4/10/2024 15:36,R_7uqT2q8CthUyZiO,,,,,33.6926,-84.2509,anonymous,EN,1,,25,1,,1,,,,,,,,,6,1,2,0.698,11.825,13.853,8,5e8a1827052175000938eb91,11,6616a611b1d4fd89aac7dfaa,66171441617c09f9f245fb0d
4/10/2024 15:38,4/10/2024 15:38,0,24.10.124.176,100,16,1,4/10/2024 15:38,R_6EiY2Rgf9FO0igX,,,,,38.7169,-121.3677,anonymous,EN,1,,56,1,,,,,1,,,,,,6,1,5,1.219,14.675,15.538,7,5e542a0c4b7e8c42fafa7216,11,6616a611b1d4fd89aac7dfaa,66171496a1e00d1b9186c618
4/10/2024 15:38,4/10/2024 15:38,0,100.16.39.186,100,21,1,4/10/2024 15:38,R_5lpfYK7Ne5BK3Sx,,,,,39.5372,-76.3605,anonymous,EN,2,,52,2,,1,,,,,,,,,6,1,5,2.479,18.767,20.177,7,65f5f8674de9e42bafa060ff,11,6616a611b1d4fd89aac7dfaa,6617147b87f3154bb8345a34
4/10/2024 15:40,4/10/2024 15:40,0,70.22.165.122,100,25,1,4/10/2024 15:40,R_7RWEVmSFmMHp9iu,,,,,42.2435,-71.8368,anonymous,EN,2,,48,1,,,1,,,,,,,,3,1,2,2.406,23.023,25.476,9,660ff2d1e37b10d9887ee12a,11,6616a611b1d4fd89aac7dfaa,661714db869990cc40ff020b
4/10/2024 15:41,4/10/2024 15:41,0,97.119.170.67,100,18,1,4/10/2024 15:41,R_2WBBJyEm2NV47C3,,,,,41.2884,-95.9972,anonymous,EN,2,,53,3,,1,,,,,,,,,4,1,4,1.182,16.104,17.228,7,63b6ce65bf24c8201da439e4,11,6616a611b1d4fd89aac7dfaa,6617154c1824cc47fe7b129f
4/10/2024 15:41,4/10/2024 15:41,0,128.208.80.137,100,26,1,4/10/2024 15:41,R_7EGtBLevnBdKLPK,,,,,47.4626,-122.2089,anonymous,EN,2,,37,2,,1,,,,,,,,,6,1,5,1.611,24.848,25.808,7,5ec7dbab0e3a8108f99856d0,11,6616a611b1d4fd89aac7dfaa,66171552fc751cc3c6861953
4/10/2024 15:42,4/10/2024 15:43,0,81.161.4.159,100,40,1,4/10/2024 15:43,R_2p6eW9HTfgzd6P7,,,,,40.7662,-74.0178,anonymous,EN,1,,23,1,,,1,,,,,,,,6,2,4,4.499,36.978,38.88,8,659eb3a84181a4fa1a2a0597,11,6616a611b1d4fd89aac7dfaa,661715aff26b81401eae8742
4/10/2024 15:44,4/10/2024 15:44,0,144.129.253.195,100,24,1,4/10/2024 15:44,R_1f9iAGuh57jUPry,,,,,28.5836,-81.5324,anonymous,EN,2,,75,2,,1,,,,,,,,,3,1,2,1.997,22.47,23.489,13,5ff79cf96ccb554ae5d00a7d,11,6616a611b1d4fd89aac7dfaa,661715ff88bbcb06ae66dbd0
4/10/2024 15:45,4/10/2024 15:45,0,70.177.241.195,100,32,1,4/10/2024 15:45,R_7b7KKuKBe3LRP7r,,,,,36.7323,-76.0363,anonymous,EN,1,,51,1,,,,,1,,,,,,3,1,2,1.628,29.174,30.622,7,55b6e53bfdf99b438f10e3bb,11,6616a611b1d4fd89aac7dfaa,6617161ef201fd46ff57348c
4/10/2024 15:46,4/10/2024 15:46,0,174.214.16.254,100,15,1,4/10/2024 15:46,R_7pb9QWCJDVZESsN,,,,,47.6034,-122.3414,anonymous,EN,1,,40,1,,1,,,,,,,,,2,1,3,1.758,12.763,13.901,15,5a147e755d06850001b00937,11,6616a611b1d4fd89aac7dfaa,6617167901681e4bb7a306b6
4/10/2024 15:46,4/10/2024 15:46,0,174.194.199.128,100,14,1,4/10/2024 15:46,R_22cie8Flvx10aJT,,,,,37.7794,-122.2178,anonymous,EN,2,,25,1,,,,,1,,,,,,2,3,2,0.189,11.421,13.137,11,65d53085794e617217d43942,11,6616a611b1d4fd89aac7dfaa,66171694f201fd46ff5734a5
4/10/2024 15:48,4/10/2024 15:48,0,73.89.118.91,100,18,1,4/10/2024 15:48,R_72YUMn6bIPDFyzT,,,,,42.256,-72.5145,anonymous,EN,2,,37,2,,1,,,,,,,,,6,1,4,2.385,16.726,18.127,7,6025772d06a2260f121462a7,11,6616a611b1d4fd89aac7dfaa,661716e621706d900529cd4b
4/10/2024 15:48,4/10/2024 15:48,0,72.2.147.43,100,26,1,4/10/2024 15:48,R_2fqXzvckhY5qBfg,,,,,41.2814,-86.6246,anonymous,EN,2,,54,3,,1,,,,,,,,,2,1,5,1.659,21.684,23.948,7,65e9caf988370d3db1ca1000,11,6616a611b1d4fd89aac7dfaa,661716ed0e37da0dc699bbe8
4/10/2024 15:50,4/10/2024 15:51,0,174.102.143.82,100,24,1,4/10/2024 15:51,R_2jHZ21RFvEeiwT3,,,,,43.0538,-88.3976,anonymous,EN,2,,35,1,,1,,,,,,,,,5,1,4,2.5,21.925,23.204,12,5c74e7e9c3fe130001e86cc8,11,6616a611b1d4fd89aac7dfaa,6617175671a82418f9bc86de
4/10/2024 15:52,4/10/2024 15:53,0,71.77.158.208,100,14,1,4/10/2024 15:53,R_5bIzj48ryEXCraF,,,,,35.1873,-79.473,anonymous,EN,2,,25,2,,1,,,,,,,,,3,1,4,1.209,12.992,13.423,18,59a811311363d90001676ad9,11,6616a611b1d4fd89aac7dfaa,66171821e846d11d7f7b369b
4/10/2024 15:52,4/10/2024 15:53,0,47.147.74.88,100,25,1,4/10/2024 15:53,R_5qmL6o7CWhgdU8F,,,,,33.8041,-118.1874,anonymous,EN,1,,29,1,,,1,,,,,,,,6,1,5,5.501,23.84,24.741,15,5fc6ff902ee4372475162887,11,6616a611b1d4fd89aac7dfaa,6617180d56b2e50507ff0395
4/10/2024 15:52,4/10/2024 15:53,0,172.59.137.177,100,44,1,4/10/2024 15:53,R_207Wnu6DAckFymK,,,,,40.4236,-79.9825,anonymous,EN,2,,67,4,,,1,,,,,,,,4,-99,4,2.151,35.725,38.266,8,66089872d064c36b5389e81b,11,6616a611b1d4fd89aac7dfaa,6617171fe8905f7cc211c77e
4/10/2024 15:55,4/10/2024 15:55,0,158.140.60.135,100,19,1,4/10/2024 15:55,R_3f2v14kJgYTAsQd,,,,,36.1549,-116.0177,anonymous,EN,1,,31,2,,1,,,,,,,,,3,1,2,1.059,16.127,18.067,8,5bdfb648484288000130dad0,11,6616a611b1d4fd89aac7dfaa,6617187936fc70d7da6da9c0
4/10/2024 15:54,4/10/2024 15:55,0,172.59.81.151,100,52,1,4/10/2024 15:55,R_1z75MBbEpIO9iXh,,,,,38.2577,-85.7098,anonymous,EN,1,,24,1,,,1,,,,,,,,1,1,4,6.903,21.619,22.902,8,65400f52da5aac3025e26c47,11,6616a611b1d4fd89aac7dfaa,66171769b4c76520233e9f0a
4/10/2024 15:57,4/10/2024 15:57,0,174.240.23.116,100,19,1,4/10/2024 15:57,R_7K8E4PLCqPEsQgd,,,,,33.5038,-112.0253,anonymous,EN,1,,28,1,,1,,,,,,,,,2,3,2,1.209,17.69,18.825,17,6603c28337628c7aa0b94685,11,6616a611b1d4fd89aac7dfaa,661718fc65264a0308a3056c
4/10/2024 15:57,4/10/2024 15:57,0,68.82.7.110,100,17,1,4/10/2024 15:57,R_5pn8tVpQ3jJTABR,,,,,40.0782,-75.1299,anonymous,EN,2,,27,3,,,1,,,,,,,,6,1,2,1.487,15.434,16.117,16,620bdc9ca922fc3f247f6a6f,11,6616a611b1d4fd89aac7dfaa,66171944a1e00d1b9186c710
4/10/2024 15:58,4/10/2024 16:00,0,108.30.180.11,100,102,1,4/10/2024 16:00,R_3Mm7kdU1bgN2JCQ,,,,,40.5468,-74.1804,anonymous,EN,2,,21,1,,1,,,,,,,,,5,3,3,1.289,100.785,102.14,8,6111a1563a1ee66375aa174b,11,6616a611b1d4fd89aac7dfaa,66171979c5b8dd7cffea3bc2
4/10/2024 16:00,4/10/2024 16:00,0,72.219.79.113,100,29,1,4/10/2024 16:00,R_5hmjrgesz0bS5Ut,,,,,33.6128,-117.6622,anonymous,EN,2,,64,3,,1,,,,,,,,,5,1,4,2.972,28.018,28.734,15,648729d9ccceeabf94fa2000,11,6616a611b1d4fd89aac7dfaa,661719c5252cd202424d0712
4/10/2024 16:00,4/10/2024 16:01,0,98.190.41.141,100,19,1,4/10/2024 16:01,R_1ZCKiVEQ1Q7AhWx,,,,,29.6138,-82.386,anonymous,EN,1,,23,1,,,,,,1,,,,,2,1,4,1.757,17.26,18.987,7,63bda599c453172ce70e3839,11,6616a611b1d4fd89aac7dfaa,661719f64bed012153ba7469
4/10/2024 16:01,4/10/2024 16:02,0,173.63.177.142,100,41,1,4/10/2024 16:02,R_7FkTLoNdcw75qab,,,,,40.9107,-74.5841,anonymous,EN,2,,25,1,,1,,,,,,,,,5,3,5,7.257,37.817,39.3,7,65d0c1bcd3700799345b16f6,11,6616a611b1d4fd89aac7dfaa,6617193a8c834c0664e43444
4/10/2024 16:02,4/10/2024 16:02,0,68.10.175.84,100,40,1,4/10/2024 16:02,R_13g3bdY6A1QcNIo,,,,,37.0453,-76.3404,anonymous,EN,2,,52,1,,,1,,,,,,,,1,1,2,1.269,37.801,39.487,18,63e891d4658dea6e9aa9f7e5,11,6616a611b1d4fd89aac7dfaa,66171a20a0cada45ab7df321
4/10/2024 16:02,4/10/2024 16:03,0,47.14.183.41,100,31,1,4/10/2024 16:03,R_3WI0uy5eBa4UeBG,,,,,42.2555,-71.7719,anonymous,EN,2,,45,2,,,1,,,,,,,,4,1,4,4.237,29.086,31.335,7,66116b936273edeae82eb481,11,6616a611b1d4fd89aac7dfaa,66171a63d0db7cf2c6a2b5da
4/10/2024 16:04,4/10/2024 16:04,0,71.172.181.218,100,18,1,4/10/2024 16:04,R_3iDVDbPwbdfBKH0,,,,,40.6129,-74.416,anonymous,EN,2,,25,1,,,,,1,,,,,,6,1,4,1.152,17.963,18.471,17,65d523a2110bac752305362f,11,6616a611b1d4fd89aac7dfaa,66171acc34740ec59d1414a4
4/10/2024 16:04,4/10/2024 16:05,0,73.204.13.139,100,18,1,4/10/2024 16:05,R_5MtGrhWvEEFyGZj,,,,,26.718,-80.0989,anonymous,EN,1,,25,1,,1,,,,,,,,,2,2,4,0.953,16.934,17.701,9,65ff31eb0219bd3ae132c0c8,11,6616a611b1d4fd89aac7dfaa,66171aef554018847580c45a
4/10/2024 16:05,4/10/2024 16:05,0,70.18.233.117,100,24,1,4/10/2024 16:05,R_5kNfdppnAHHwQ4n,,,,,39.1181,-76.8396,anonymous,EN,2,,23,1,,,1,,,,,,,,6,1,4,1.153,14.385,23.522,8,5e79b84d4633bc575ddb3812,11,6616a611b1d4fd89aac7dfaa,66171ae1930682ea90c8f261
4/10/2024 16:07,4/10/2024 16:07,0,72.219.43.104,100,29,1,4/10/2024 16:07,R_8i2OKofOJGr8ArS,,,,,30.4042,-91.1431,anonymous,EN,2,,31,2,,1,,,,,,,,,6,3,5,1.372,27.927,28.446,14,6008ead6a9902d5b15e7b688,11,6616a611b1d4fd89aac7dfaa,66171b72cbe16bba2c31dd50
4/10/2024 16:07,4/10/2024 16:08,0,24.233.207.146,100,76,1,4/10/2024 16:08,R_1MZ1bKTtQHWgixx,,,,,38.2821,-77.1306,anonymous,EN,2,,29,2,,1,,,,,,,,,6,2,2,31.524,74.029,75.109,22,66042b022df00734b1f90707,11,6616a611b1d4fd89aac7dfaa,66171b3a052026667ea746dc
4/10/2024 16:10,4/10/2024 16:10,0,47.157.178.215,100,22,1,4/10/2024 16:10,R_2nBtiVJH3xNdhuN,,,,,34.2149,-119.1761,anonymous,EN,1,,25,1,,,,1,,,,,,,3,1,3,1.282,20.574,21.545,14,5e8fc5254447f82b9defc6b6,11,6616a611b1d4fd89aac7dfaa,66171c2215ce4924c10a1874
4/10/2024 16:12,4/10/2024 16:12,0,73.48.222.166,100,18,1,4/10/2024 16:12,R_23g6jZE9Zq2wCPB,,,,,38.7169,-121.3677,anonymous,EN,2,,23,1,,,,,1,,,,,,3,1,4,4.308,16.64,17.565,7,65cc2139907d390e13480a97,11,6616a611b1d4fd89aac7dfaa,66171caa01681e4bb7a307fb
4/10/2024 16:13,4/10/2024 16:14,0,72.183.195.54,100,21,1,4/10/2024 16:14,R_7o75GQE5NLX3cFW,,,,,31.8378,-106.538,anonymous,EN,2,,25,1,,,,1,,,,,,,2,1,4,1.061,18.132,19.972,7,5ed03062ab3ebc103e60edea,11,6616a611b1d4fd89aac7dfaa,66171ca6a479ca3501c8f436
4/10/2024 16:13,4/10/2024 16:14,0,75.19.156.255,100,42,1,4/10/2024 16:14,R_1c3yyHNOoFwwFsR,,,,,25.8696,-80.3073,anonymous,EN,1,,53,1,,,1,1,,,,,,,2,1,2,2.965,39.757,40.579,17,5666eb928c23a0001188479e,11,6616a611b1d4fd89aac7dfaa,66171b2561949deb773b07db
4/10/2024 16:14,4/10/2024 16:15,0,75.233.99.59,100,41,1,4/10/2024 16:15,R_6QfvDLXXzZAUafE,,,,,33.4917,-111.9837,anonymous,EN,2,,53,2,,1,,,,,,,,,5,1,2,4.145,39.171,40,22,610524158af758f8e11e7fcf,11,6616a611b1d4fd89aac7dfaa,66171cd427af7b6595bd30fd
4/10/2024 16:15,4/10/2024 16:16,0,99.101.182.162,100,47,1,4/10/2024 16:16,R_2gARsUd2zb8XAO3,,,,,41.7723,-87.9796,anonymous,EN,2,,75,2,,1,,,,,,,,,4,1,4,4.069,45.809,46.798,15,622ac616f7c72a6ab02d06b9,11,6616a611b1d4fd89aac7dfaa,66171d1e7a847632c50aeb23
4/10/2024 16:17,4/10/2024 16:17,0,174.52.173.190,100,20,1,4/10/2024 16:17,R_1RkQlwWmntTwD5v,,,,,40.576,-111.8788,anonymous,EN,2,,25,2,,1,,,,,,,,,4,1,2,2.706,18.571,19.963,7,66147bc0ec49d5cef747dcd2,11,6616a611b1d4fd89aac7dfaa,66171dbe488493cce8e92262
4/10/2024 16:18,4/10/2024 16:18,0,70.92.173.177,100,17,1,4/10/2024 16:18,R_5Cl6lE9ZEPLItyl,,,,,42.9016,-88.0095,anonymous,EN,1,,35,2,,1,,,,,,,,,6,1,5,2.178,16.418,17.049,20,64401b5576e7ee7ff9dc040d,11,6616a611b1d4fd89aac7dfaa,66171e10e9ad9027ef3b085f
4/10/2024 16:19,4/10/2024 16:19,0,69.14.153.154,100,25,1,4/10/2024 16:19,R_3lLFdQOgCmKpugb,,,,,42.5686,-83.0668,anonymous,EN,2,,64,2,,1,,,,,,,,,5,1,4,2.429,21.932,23.998,8,5f3678f5997c28018ad180d5,11,6616a611b1d4fd89aac7dfaa,66171e389011184cd7dbdff5
4/10/2024 16:21,4/10/2024 16:21,0,172.58.240.226,100,30,1,4/10/2024 16:21,R_1N4GJzwovnaYV45,,,,,39.0005,-76.9712,anonymous,EN,2,,48,2,,1,,,,,,,,,5,1,4,5.655,27.661,28.679,17,6361acb07d0d241c339ab52b,11,6616a611b1d4fd89aac7dfaa,66171e85ef7388d903a2b821
4/10/2024 16:22,4/10/2024 16:22,0,71.178.189.242,100,23,1,4/10/2024 16:22,R_7rDwTFa9HCv6o72,,,,,38.8574,-77.1,anonymous,EN,2,,48,2,,1,,,,,,,,,6,1,4,1.463,22.222,23.047,16,60fd90f9be1c198c73a17624,11,6616a611b1d4fd89aac7dfaa,66171ef292dd647160781025
4/10/2024 16:24,4/10/2024 16:25,0,204.15.26.91,100,51,1,4/10/2024 16:25,R_5QuAQHmLcmwMScP,,,,,43.0812,-89.3845,anonymous,EN,1,,23,1,,,,,,,,1,,Southeast Asian,2,1,4,0.993,48.753,51.031,29,65cf88a1a3887a237da61f94,11,6616a611b1d4fd89aac7dfaa,66171f747a847632c50aeb9e
4/10/2024 16:25,4/10/2024 16:25,0,75.87.149.73,100,21,1,4/10/2024 16:25,R_5YcJaqq4qhRsTEB,,,,,38.8939,-94.7067,anonymous,EN,2,,34,1,,,1,,,,,,,,2,1,3,2.219,18.402,20.356,7,65c1d15018dd984dec38f4c3,11,6616a611b1d4fd89aac7dfaa,66171f23f8512b83076afaaa
4/10/2024 16:25,4/10/2024 16:26,0,174.101.134.55,100,27,1,4/10/2024 16:26,R_7v7bSZnmHDD5S21,,,,,39.139,-84.4296,anonymous,EN,1,,39,1,,,1,,,,,,,,3,3,4,9.722,25.951,26.769,19,6111a1893c0daa13e23ab15a,11,6616a611b1d4fd89aac7dfaa,66171f9e488493cce8e922b8
4/10/2024 16:27,4/10/2024 16:28,0,73.144.209.64,100,26,1,4/10/2024 16:28,R_7wQAdK6iKOnpKoh,,,,,42.7606,-84.5563,anonymous,EN,2,,34,1,,1,,,,,,,,,3,1,2,3.502,23.781,24.944,12,5d9be88c195db300128d652a,11,6616a611b1d4fd89aac7dfaa,6617202a23056ded9be922a7
4/10/2024 16:28,4/10/2024 16:28,0,50.89.100.242,100,22,1,4/10/2024 16:28,R_3sQ2WXV0e0DqBQR,,,,,28.4538,-81.4674,anonymous,EN,1,,32,1,,,,1,,,,,,,3,1,2,1.049,20.128,22.066,7,65acef185a0cd41c6f37845f,11,6616a611b1d4fd89aac7dfaa,66172050d4841a81db91f206
4/10/2024 16:29,4/10/2024 16:30,0,134.65.37.224,100,25,1,4/10/2024 16:30,R_7KNuN7l3jhKFZV7,,,,,40.772,-89.6572,anonymous,EN,2,,57,2,,1,,,,,,,,,6,1,3,1.887,22.468,24.769,8,6475368fa8d5b3392676349f,11,6616a611b1d4fd89aac7dfaa,6617207c0a495b9ca686d001
4/10/2024 16:32,4/10/2024 16:32,0,174.70.65.205,100,41,1,4/10/2024 16:32,R_3KImoPBdHSdqTPa,,,,,29.6138,-82.386,anonymous,EN,2,,56,3,,,1,,,,,,,,2,1,4,7.551,40.134,41.251,15,655e4b141ea133a436b73b01,11,6616a611b1d4fd89aac7dfaa,6617210bf8512b83076afb11
4/10/2024 16:32,4/10/2024 16:33,0,184.90.146.31,100,18,1,4/10/2024 16:33,R_8LYdMfK3ChvYazc,,,,,28.7115,-81.5135,anonymous,EN,2,,29,1,,,,1,,,,,,,3,1,4,1.665,15.45,16.865,7,5eba2e33474e6517605faffb,11,6616a611b1d4fd89aac7dfaa,66172110ef7388d903a2b8a0
4/10/2024 16:33,4/10/2024 16:33,0,108.70.137.133,100,53,1,4/10/2024 16:33,R_7lxz61DdQXMGg76,,,,,41.5798,-83.666,anonymous,EN,1,,37,1,,1,,,,,,,,,4,1,2,36.047,49.127,52.329,9,56fc8248b5648e000fac9980,11,6616a611b1d4fd89aac7dfaa,66171d8ce9ad9027ef3b0840
4/10/2024 16:34,4/10/2024 16:34,0,68.39.19.67,100,16,1,4/10/2024 16:34,R_19RC8RHjyvo2Q8N,,,,,39.9564,-85.9651,anonymous,EN,2,,41,2,,1,,,,,,,,,6,1,3,1.286,14.167,15.684,7,5c314de6d5fc960001d2cb93,11,6616a611b1d4fd89aac7dfaa,661721c05bb0ec8d878f37be
4/10/2024 16:36,4/10/2024 16:37,0,35.150.69.162,100,17,1,4/10/2024 16:37,R_3OIk6SpG9PGKpPz,,,,,46.8522,-114.0214,anonymous,EN,1,,24,1,,1,,,,,,,,,4,1,4,1.016,16.505,17.112,15,5e44c10bc13da2356b85ff60,11,6616a611b1d4fd89aac7dfaa,6617226a56b2e50507ff059d
4/10/2024 16:37,4/10/2024 16:37,0,24.28.161.53,100,15,1,4/10/2024 16:37,R_2HjzhWjIME7YF1f,,,,,31.6629,-106.1371,anonymous,EN,1,,22,1,,1,,1,,,,,,,6,1,2,2.251,13.181,14.801,8,6298df7da7b45df1b730d3aa,11,6616a611b1d4fd89aac7dfaa,6617214d7a847632c50aec1f
4/10/2024 16:38,4/10/2024 16:39,0,98.24.246.147,100,25,1,4/10/2024 16:39,R_22UPcUtGlJmD1qj,,,,,34.2644,-78.0591,anonymous,EN,1,,37,1,,1,,,,,,,,,2,1,2,3.444,21.347,24.892,7,63656699c6cdc76f67843db5,11,6616a611b1d4fd89aac7dfaa,661722d0f5b40f4c8e8f376e
4/10/2024 16:40,4/10/2024 16:41,0,104.139.38.133,100,27,1,4/10/2024 16:41,R_6FRwlJVJRmWjqt7,,,,,35.2497,-81.1369,anonymous,EN,2,,30,2,,,1,1,,,,,,,4,1,4,2.372,25.951,26.398,23,651041a4f733fb771bbbed94,11,6616a611b1d4fd89aac7dfaa,66172327a615a367b1f20140
4/10/2024 16:41,4/10/2024 16:41,0,97.81.180.180,100,42,1,4/10/2024 16:41,R_1KlNgVfWc7T5tj7,,,,,36.2155,-85.5426,anonymous,EN,2,,73,2,,,1,,,,,,,,4,1,4,2.881,35.961,37.865,12,6474b1097dd64a6e3ed25afd,11,6616a611b1d4fd89aac7dfaa,6617230d5f96b52eaa90d546
4/10/2024 16:42,4/10/2024 16:42,0,75.210.218.48,100,20,1,4/10/2024 16:42,R_6EC5co0ERajjua5,,,,,41.8045,-87.9046,anonymous,EN,2,,27,1,,1,,,,,,,,,4,1,4,1.462,18.962,20.299,7,66071678c9a44e2d92afd818,11,6616a611b1d4fd89aac7dfaa,661723b84c22ae760bdbffe8
4/10/2024 16:45,4/10/2024 16:45,0,192.198.57.227,100,17,1,4/10/2024 16:45,R_2jOiW6Oe96aAcjn,,,,,38.7613,-85.4066,anonymous,EN,2,,35,1,,1,,,,,,,,,2,1,4,1.341,15.477,16.263,11,636148a83d7a7c349bb08436,11,6616a611b1d4fd89aac7dfaa,6617246af835d4bb1578128c
4/10/2024 16:46,4/10/2024 16:47,0,104.230.152.195,100,39,1,4/10/2024 16:47,R_3QGwjPnCsPGVLyK,,,,,39.338,-82.986,anonymous,EN,1,,44,1,,1,,,,,,,,,4,1,3,1.335,37.957,39.192,24,65c8d376936d1e6b58b5d9a9,11,6616a611b1d4fd89aac7dfaa,6617242765264a0308a307e2
4/10/2024 16:46,4/10/2024 16:47,0,146.115.150.114,100,27,1,4/10/2024 16:47,R_7Opq3jjWruuUdCe,,,,,42.366,-71.2271,anonymous,EN,1,,52,2,,1,,,,,,,,,6,1,4,1.246,25.128,26.84,7,5de3c365fafd423bbf0a50a2,11,6616a611b1d4fd89aac7dfaa,661724af42c7a1e3256afb5c
4/10/2024 16:47,4/10/2024 16:47,0,96.8.30.128,100,11,1,4/10/2024 16:47,R_5O4WvIAz0hg7LYl,,,,,26.1486,-80.2768,anonymous,EN,1,,32,1,,1,,,,,,,,,3,1,4,0.901,10.588,11.215,7,5c6efe3a04b76500015f9756,11,6616a611b1d4fd89aac7dfaa,661724f527af7b6595bd32a2
4/10/2024 16:48,4/10/2024 16:49,0,66.56.24.181,100,27,1,4/10/2024 16:49,R_2HkPJE1eSZK0H4y,,,,,33.6992,-84.7478,anonymous,EN,2,,30,1,,,1,,,,,,,,1,1,2,1.096,25.444,26.483,19,5da91247b601ff0012baa8b1,11,6616a611b1d4fd89aac7dfaa,66172525092b3229c9371766
4/10/2024 16:51,4/10/2024 16:51,0,35.151.143.143,100,29,1,4/10/2024 16:51,R_2hKoRH7d02izbiO,,,,,35.6096,-88.8143,anonymous,EN,2,,50,3,,1,,,,,,,,,6,1,3,1.576,27.79,28.288,20,66046b3303a81da866d46ddf,11,6616a611b1d4fd89aac7dfaa,6617259456b2e50507ff066d
4/10/2024 16:52,4/10/2024 16:52,0,99.22.140.17,100,20,1,4/10/2024 16:52,R_2jPbxukQsnikHbZ,,,,,38.4957,-121.5348,anonymous,EN,1,,28,1,,,,,1,,,,,,2,3,3,1.121,14.977,19.19,8,5c395df5f5ebd50001850900,11,6616a611b1d4fd89aac7dfaa,66172602a57eaa2b5cd5a2b8
4/10/2024 16:54,4/10/2024 16:54,0,108.31.170.224,100,20,1,4/10/2024 16:54,R_3fx5L5VVe0u97je,,,,,38.9489,-76.9352,anonymous,EN,1,,33,1,,,,,1,,,,,,4,1,5,1.213,18.574,19.301,7,65e09a9c5999a6c58863a657,11,6616a611b1d4fd89aac7dfaa,6617266127af7b6595bd32f8
4/10/2024 16:55,4/10/2024 16:55,0,162.198.130.238,100,19,1,4/10/2024 16:55,R_1m0PLbGNNjbyam5,,,,,34.0297,-84.1469,anonymous,EN,2,,28,1,,,,,1,,,,,,6,1,4,0.992,17.679,18.45,8,54af2a48fdf99b09c01b3801,11,6616a611b1d4fd89aac7dfaa,661726959f3d0353f995f7af
4/10/2024 16:55,4/10/2024 16:56,0,68.9.211.166,100,19,1,4/10/2024 16:56,R_8eERNRXPe07dEGK,,,,,41.7756,-71.3568,anonymous,EN,2,,26,1,,1,,,,,,,,,2,2,5,1.098,16.855,17.686,9,606e520c44388f69e35b054f,11,6616a611b1d4fd89aac7dfaa,661726e6bdf3838dd590d9c2
4/10/2024 16:58,4/10/2024 16:58,0,172.56.15.65,100,22,1,4/10/2024 16:58,R_73SG8OWHJZdkXOF,,,,,29.7638,-95.4924,anonymous,EN,1,,40,2,,,,1,,,,,,,3,1,4,2.022,19.881,20.895,20,5f3153a6180dcf0d8dd72a45,11,6616a611b1d4fd89aac7dfaa,6617268736fc70d7da6dacc7
4/10/2024 16:58,4/10/2024 16:58,0,24.60.169.227,100,22,1,4/10/2024 16:58,R_5Qi4c4si7NkTg5y,,,,,41.3645,-71.9722,anonymous,EN,1,,24,1,,1,,,,,,,,,4,1,4,1.488,20.337,21.57,15,65f8db7018b849109b55ec19,11,6616a611b1d4fd89aac7dfaa,6617275ba03e1b5c297b1729
4/10/2024 17:01,4/10/2024 17:01,0,104.202.197.99,100,18,1,4/10/2024 17:01,R_5Ny8zYxPA0RQ8XC,,,,,33.1238,-97.0275,anonymous,EN,1,,28,2,,1,,,,,,,,,4,1,4,1.294,16.366,17.4,8,5ba9873edd59150001384069,11,6616a611b1d4fd89aac7dfaa,66172825f39c0d4f6b371868
4/10/2024 17:01,4/10/2024 17:01,0,24.25.217.206,100,23,1,4/10/2024 17:01,R_5BW01RwmAW1lErL,,,,,33.0924,-117.2624,anonymous,EN,1,,64,2,,1,,,,,,,,,6,1,5,1.433,19.684,21.216,7,6152305042a5020fd676cae3,11,6616a611b1d4fd89aac7dfaa,66172806052026667ea749e2
4/10/2024 17:03,4/10/2024 17:04,0,174.63.198.139,100,24,1,4/10/2024 17:04,R_7EcZkXSx17RBCbY,,,,,33.3601,-82.0084,anonymous,EN,2,,30,1,,,1,,,,,,,,2,1,5,2.211,22.143,23.721,10,65c111f100af1af81e3f444d,11,6616a611b1d4fd89aac7dfaa,6617286929d63b5d1e802464
4/10/2024 17:05,4/10/2024 17:05,0,172.9.187.2,100,25,1,4/10/2024 17:05,R_3GZc5dxXuRJ8h2N,,,,,33.9249,-117.4592,anonymous,EN,2,,27,2,,,,1,,,,,,,4,1,4,1.631,23.398,24.682,7,6103556ea0f044d921196b60,11,6616a611b1d4fd89aac7dfaa,661728e1e9ad9027ef3b0ad6
4/10/2024 17:08,4/10/2024 17:08,0,175.29.118.87,100,19,1,4/10/2024 17:08,R_7ohv5adF6rF9FiO,,,,,32.7776,-79.9413,anonymous,EN,2,,48,2,,,1,,,,,,,,5,3,4,1.201,17.425,18.315,9,63ebd1cd6715f8cbe3405c82,11,6616a611b1d4fd89aac7dfaa,661729d87a847632c50aee36
4/10/2024 17:09,4/10/2024 17:10,0,76.216.121.125,100,27,1,4/10/2024 17:10,R_1gTPo9VXoipIyll,,,,,33.9733,-84.2231,anonymous,EN,2,,55,2,,1,,,,,,,,,2,1,4,1.709,26.232,27.126,16,6598c280db248e4eefa054d0,11,6616a611b1d4fd89aac7dfaa,661729e3a0cada45ab7df690
4/10/2024 17:12,4/10/2024 17:13,0,76.211.72.180,100,24,1,4/10/2024 17:13,R_5A2bFewvG6t8D4t,,,,,39.7764,-86.1077,anonymous,EN,1,,32,2,,,,,,1,,,,,5,1,5,1.893,21.345,23.728,7,5e4566e8f64db704b739b757,11,6616a611b1d4fd89aac7dfaa,66172ac115ce4924c10a1c42
4/10/2024 17:14,4/10/2024 17:15,0,75.19.160.90,100,50,1,4/10/2024 17:15,R_2P5XiPaKBgAWdCr,,,,,33.8625,-117.586,anonymous,EN,2,,72,4,,1,,,,,,,,,1,1,2,2.286,48.537,49.227,19,5f6787c9a3217b3911fc13f1,11,6616a611b1d4fd89aac7dfaa,66172aede8905f7cc211cb97
4/10/2024 17:16,4/10/2024 17:17,0,73.24.155.116,100,17,1,4/10/2024 17:17,R_27umoiSq8x5qhbP,,,,,32.3383,-111.0455,anonymous,EN,1,,33,2,,1,,,,,,,,,3,1,5,1.283,15.391,16.243,8,62d76df137345826d19ca256,11,6616a611b1d4fd89aac7dfaa,66172bd9ef7388d903a2bb35
4/10/2024 17:16,4/10/2024 17:17,0,174.216.52.226,100,50,1,4/10/2024 17:17,R_22OZWOp8uCDcNVj,,,,,39.9195,-75.1565,anonymous,EN,2,,32,2,,1,,,,,,,,,3,1,2,4.612,42.266,48.8,19,5fee08bb8e8e87bd6a346e90,11,6616a611b1d4fd89aac7dfaa,66172b96252cd202424d0b21
4/10/2024 17:18,4/10/2024 17:19,0,159.250.70.213,100,34,1,4/10/2024 17:19,R_2D9rBnE6P9Uyktr,,,,,41.0517,-75.5375,anonymous,EN,2,,30,1,,,1,,,1,,,,,4,3,4,5.244,32.749,33.571,23,654baed0e78979b0b3ffa10c,11,6616a611b1d4fd89aac7dfaa,66172c2483b77849ef862007
4/10/2024 17:20,4/10/2024 17:20,0,174.51.217.97,100,18,1,4/10/2024 17:20,R_1rDl2zE4rr08UuN,,,,,40.4961,-105.0002,anonymous,EN,2,,35,2,,1,,,,,,,,,3,1,4,1.639,16.465,17.717,7,60b650210876e36127d8f557,11,6616a611b1d4fd89aac7dfaa,66172c91c5b8dd7cffea4053
4/10/2024 17:22,4/10/2024 17:22,0,67.190.187.7,100,24,1,4/10/2024 17:22,R_1kM6Wo4a9AyYOHq,,,,,39.6904,-105.0987,anonymous,EN,2,,38,1,,1,,,,,,,,,2,3,4,1.387,22.061,23.631,7,65edfc7d2199a9b6fcab161b,11,6616a611b1d4fd89aac7dfaa,66172cf8869990cc40ff06b0
4/10/2024 17:23,4/10/2024 17:24,0,75.234.237.89,100,64,1,4/10/2024 17:24,R_17x1CQSzGsq5KHG,,,,,38.5569,-121.3627,anonymous,EN,2,,27,1,,,,1,,,,,,,6,3,2,1.648,58.162,63.655,24,65f9200b96211e5163eb912e,11,6616a611b1d4fd89aac7dfaa,66172cd3895a702fed715837
4/10/2024 17:24,4/10/2024 17:25,0,99.154.1.22,100,22,1,4/10/2024 17:25,R_2DOoCC1ptiPfqTg,,,,,29.3763,-98.3884,anonymous,EN,2,,35,2,1,,,1,,,,,,,4,1,4,1.566,20.732,21.714,17,60fd62870049129d0183b3ad,11,6616a611b1d4fd89aac7dfaa,66172d8f895a702fed715862
4/10/2024 17:26,4/10/2024 17:26,0,172.58.251.62,100,48,1,4/10/2024 17:26,R_5ZVdT3aIL7Wljqh,,,,,35.2369,-80.8957,anonymous,EN,2,,54,2,,1,,,,,,,,,2,1,3,3.173,45.677,46.65,44,63f5bd2234dd912255ca17c8,11,6616a611b1d4fd89aac7dfaa,66172dcb7fc752e94c460042
4/10/2024 17:28,4/10/2024 17:29,0,172.56.248.170,100,20,1,4/10/2024 17:29,R_2pa2cR249zM2GWz,,,,,39.8079,-86.0949,anonymous,EN,2,,29,1,,1,,,,,,,,,2,2,4,1.995,17.48,18.599,8,60fee1a0234ddea6fd998ba0,11,6616a611b1d4fd89aac7dfaa,66172e87a9357cb40f187432
4/10/2024 17:30,4/10/2024 17:31,0,99.132.180.127,100,66,1,4/10/2024 17:31,R_7RPRsN50sM7pAQF,,,,,39.6804,-86.1306,anonymous,EN,2,,37,1,,,1,,,,,,,,2,1,2,1.393,64.047,64.699,32,5dc4c22f0389e438ac69eac9,11,6616a611b1d4fd89aac7dfaa,66172e3c043a4946091873ec
4/10/2024 17:33,4/10/2024 17:34,0,66.244.93.236,100,26,1,4/10/2024 17:34,R_3qeRZKvIMjr8gEa,,,,,39.1963,-86.5776,anonymous,EN,2,,24,-99,,,,,1,1,,,,,3,1,5,1.651,25.473,26.207,28,65cc26e058b74649b3cd9517,11,6616a611b1d4fd89aac7dfaa,66172fb7e846d11d7f7b3c43
4/10/2024 17:33,4/10/2024 17:34,0,47.150.138.220,100,25,1,4/10/2024 17:34,R_6OGzDnSSX5YsulW,,,,,34.4179,-117.3064,anonymous,EN,1,,27,1,,1,1,,,,,,,,3,1,2,1.281,23.217,25.214,9,5c4ea7c3889752000156ddc5,11,6616a611b1d4fd89aac7dfaa,66172c39f639f67754d5a344
4/10/2024 17:35,4/10/2024 17:35,0,98.38.172.41,100,20,1,4/10/2024 17:35,R_25Hy3ap7XFrLonT,,,,,40.4236,-105.0935,anonymous,EN,1,,24,1,,1,,,,,,,,,3,1,4,1.081,18.519,19.614,8,5f084fffd931c103fbd4228a,11,6616a611b1d4fd89aac7dfaa,661730289011184cd7dbe41e
4/10/2024 17:35,4/10/2024 17:36,0,35.148.142.30,100,38,1,4/10/2024 17:36,R_5Caz8Cx6yeFYklr,,,,,36.7328,-76.5898,anonymous,EN,1,,32,1,,,1,,,,,,,,2,1,2,1.255,30.151,36.877,10,62e6c5d05d354e1f99d612e4,11,6616a611b1d4fd89aac7dfaa,66172e87e5e593b2b3573a48
4/10/2024 17:37,4/10/2024 17:37,0,73.56.22.178,100,28,1,4/10/2024 17:37,R_7rYnnGRCtCWsyEu,,,,,27.2913,-80.2977,anonymous,EN,1,,51,3,,,,,1,,,,,,2,1,3,1.707,26.351,27.848,10,615dd07ab13d9882d61d6025,11,6616a611b1d4fd89aac7dfaa,661730679f3d0353f995fa36
4/10/2024 17:38,4/10/2024 17:38,0,174.235.211.239,100,13,1,4/10/2024 17:38,R_1VkdrxuAOFW99I2,,,,,41.2315,-96.0519,anonymous,EN,1,,59,1,,1,,,,,,,,,2,1,2,1.229,11.955,12.466,15,5fcfbee098277e12c671ee44,11,6616a611b1d4fd89aac7dfaa,661730eb9f30b7c9a77dfa7a
4/10/2024 17:42,4/10/2024 17:43,0,207.144.114.88,100,26,1,4/10/2024 17:43,R_38H9Mj89GW9hkOE,,,,,33.1962,-80.0245,anonymous,EN,1,,50,2,,,1,,,,,,,,2,1,4,1.599,23.059,24.107,7,629fb59ba81f4f5791475548,11,6616a611b1d4fd89aac7dfaa,66172fbccbe16bba2c31e16e
4/10/2024 17:43,4/10/2024 17:44,0,174.245.92.32,100,53,1,4/10/2024 17:44,R_3aC6V6pPbtJF5hD,,,,,35.2316,-80.8428,anonymous,EN,1,,47,2,,1,,,,,,,,,3,1,2,5.901,51.632,52.326,43,65771e20ba4688b962e89cbb,11,6616a611b1d4fd89aac7dfaa,661731c3d6967636567f8f83
4/10/2024 17:44,4/10/2024 17:45,0,74.79.209.97,100,77,1,4/10/2024 17:45,R_3B8WqMvHOeyylwt,,,,,42.9285,-76.5591,anonymous,EN,2,,52,1,,1,,,,,,,,,4,1,5,2.752,73.702,76.505,15,56e225c2ec0fdd000641e72d,11,6616a611b1d4fd89aac7dfaa,661731a99f30b7c9a77dfa95
4/10/2024 17:46,4/10/2024 17:46,0,75.170.119.161,100,26,1,4/10/2024 17:46,R_2TRIWl3gJ438GhV,,,,,36.4837,-76.1147,anonymous,EN,2,,26,2,,,,,1,,,,,,6,1,4,1.709,23.755,25.257,8,65eba4518da362a6dcc2c3a1,11,6616a611b1d4fd89aac7dfaa,66173291ca7ff1f825406722
4/10/2024 17:48,4/10/2024 17:48,0,70.139.139.63,100,15,1,4/10/2024 17:48,R_7EaqVpfN2SgOLix,,,,,29.572,-95.54,anonymous,EN,1,,33,1,,,,,1,,,,,,4,2,5,0.9,13.475,14.396,11,65dbdab205fde4fe1981e5ae,11,6616a611b1d4fd89aac7dfaa,66173301d4841a81db91f716
4/10/2024 17:49,4/10/2024 17:49,0,184.153.8.160,100,19,1,4/10/2024 17:49,R_71Z3PBf6AvzZERY,,,,,40.7653,-73.9589,anonymous,EN,1,,29,1,,,,,,1,,,,,5,2,5,1.641,17.627,18.587,12,62de07068d3fc358ac048e3c,11,6616a611b1d4fd89aac7dfaa,66173366e846d11d7f7b3d03
4/10/2024 17:50,4/10/2024 17:50,0,172.56.169.26,100,32,1,4/10/2024 17:51,R_1euUMjBl3iEdfBT,,,,,38.6226,-121.3885,anonymous,EN,1,,55,2,,1,,,,,,,,,3,1,2,1.972,25.854,29.687,29,63d6e83151ee69023dc7c84d,11,6616a611b1d4fd89aac7dfaa,6617339e29d63b5d1e802759
4/10/2024 17:52,4/10/2024 17:52,0,47.38.73.2,100,15,1,4/10/2024 17:52,R_2A4K81OchkH2N9L,,,,,35.5055,-82.9912,anonymous,EN,1,,23,1,,1,,,,,,,,,4,1,4,1.244,14.192,14.696,23,5e86c320939b3030601f7fcb,11,6616a611b1d4fd89aac7dfaa,6617341f443c6660e97fb2b1
4/10/2024 17:54,4/10/2024 17:54,0,96.27.93.193,100,25,1,4/10/2024 17:54,R_5mVj03UgHpRmDcJ,,,,,42.1453,-83.2176,anonymous,EN,1,,42,2,,1,,,,,,,,,3,1,4,1.346,23.679,24.915,9,63d1834e69a637cd32f16634,11,6616a611b1d4fd89aac7dfaa,661734975fb7f510a6715d1e
4/10/2024 17:56,4/10/2024 17:57,0,75.38.18.161,100,25,1,4/10/2024 17:57,R_1oFvqxgaGdTcG6n,,,,,32.972,-96.7914,anonymous,EN,1,,52,1,,,1,,,,,,,,3,1,2,2.874,21.184,23.263,7,65e2816c8d39398261728fd2,11,6616a611b1d4fd89aac7dfaa,6617350d115fc656b85c3036
4/10/2024 17:56,4/10/2024 17:57,0,174.229.27.195,100,37,1,4/10/2024 17:57,R_1HUDqfwHpZrhdNQ,,,,,33.5226,-86.8033,anonymous,EN,2,,40,1,,1,,,,,,,,,5,3,2,4.183,34.517,35.512,21,65fc04fd017e6951d556d516,11,6616a611b1d4fd89aac7dfaa,
4/10/2024 18:02,4/10/2024 18:02,0,67.187.92.189,100,32,1,4/10/2024 18:02,R_5zLMxEsxuuHJLId,,,,,36.2756,-87.0425,anonymous,EN,2,,60,4,,1,,,,,,,,,6,1,5,5.455,29.433,31.434,7,65dba34df7c807a7ccaaeea8,11,6616a611b1d4fd89aac7dfaa,66173631f217cf2d95a74d50
4/10/2024 18:04,4/10/2024 18:05,0,107.15.23.152,100,33,1,4/10/2024 18:05,R_3reh41rVsim8u6R,,,,,36.0774,-79.088,anonymous,EN,2,,52,3,,,1,,,,,,,,2,1,3,3.923,31.15,33.283,8,5d8e361e6e920e0014b459d9,11,6616a611b1d4fd89aac7dfaa,661736229011184cd7dbe58c
4/10/2024 18:05,4/10/2024 18:05,0,75.210.156.160,100,22,1,4/10/2024 18:05,R_2OT2vl8LgcLLrOz,,,,,41.804,-87.707,anonymous,EN,1,,31,1,,1,,,,,,,,,2,1,2,1.531,19.53,21.679,9,65df6fd09e88861f253c9566,11,6616a611b1d4fd89aac7dfaa,66173718f639f67754d5a5e7
4/10/2024 18:06,4/10/2024 18:07,0,70.41.160.161,100,69,1,4/10/2024 18:07,R_7QXhHbgbFZCuo1C,,,,,32.313,-93.8852,anonymous,EN,3,,25,3,,1,,,,,,,,,1,3,2,34.186,62.864,64.425,7,5f32e17a994ab90905935b3a,11,6616a611b1d4fd89aac7dfaa,6617369436fc70d7da6db0ee
4/10/2024 18:12,4/10/2024 18:14,0,154.160.19.109,100,139,1,4/10/2024 18:14,R_2LHB7QQJWgfWz5E,,,,,5.5486,-0.2012,anonymous,EN,2,,56,2,,,1,,,,,,,,6,3,5,6.329,98.36,137.867,10,647007e9095a009099c92e6d,11,6616a611b1d4fd89aac7dfaa,6617384c7a847632c50af1a6
4/10/2024 18:14,4/10/2024 18:14,0,47.134.66.73,100,30,1,4/10/2024 18:14,R_7sRuPsKzF34sjuN,,,,,36.7328,-76.5898,anonymous,EN,1,,38,2,,1,,,,,,,,,4,1,4,3.272,29.586,30.058,22,65a7de5923185e4e18c8589a,11,6616a611b1d4fd89aac7dfaa,661739186d19956b6d49277d
4/10/2024 18:14,4/10/2024 18:14,0,172.58.251.80,100,30,1,4/10/2024 18:14,R_7o7PFZDcvFXcU20,,,,,35.2369,-80.8957,anonymous,EN,2,,31,1,,,1,,,,,,,,2,1,3,4.989,26.011,27.636,9,60bec2aeb32067ea868876ec,11,6616a611b1d4fd89aac7dfaa,66173772f201fd46ff573b9a
4/10/2024 18:14,4/10/2024 18:15,0,75.189.51.131,100,30,1,4/10/2024 18:15,R_1oBnnp4nxaIXSdw,,,,,34.1416,-80.8886,anonymous,EN,2,,48,2,,1,,,,,,,,,5,1,5,1.72,24.11,29.427,8,5e69076e64d2fb1bc091241a,11,6616a611b1d4fd89aac7dfaa,6617386836fc70d7da6db159
4/10/2024 18:17,4/10/2024 18:17,0,35.129.100.76,100,27,1,4/10/2024 18:17,R_77khHabFRbtndXR,,,,,34.2423,-117.2748,anonymous,EN,1,,23,1,,1,,,,,,,,,6,1,5,2.329,24.099,26.172,7,5e5e623737be5e1762ad4418,11,6616a611b1d4fd89aac7dfaa,661739bad43d965bdb91f584
4/10/2024 18:18,4/10/2024 18:19,0,68.38.121.183,100,40,1,4/10/2024 18:19,R_2ikBKcFZCnDBixG,,,,,41.0233,-85.1848,anonymous,EN,2,,44,1,,1,,,,,,,,,1,1,2,0.913,36.76,39.439,16,63b6e5e23b31a38790ff1ce2,11,6616a611b1d4fd89aac7dfaa,66173972d34f36839b8f069b
4/10/2024 18:21,4/10/2024 18:21,0,12.75.128.78,100,22,1,4/10/2024 18:21,R_7LtexmrElAGYXft,,,,,45.5496,-122.8293,anonymous,EN,2,,46,2,,1,,,,,,,,,6,1,4,1.419,19.957,21.446,16,545cfcd0fdf99b7f9e325502,11,6616a611b1d4fd89aac7dfaa,66173ac1fc751cc3c6862119
4/10/2024 18:22,4/10/2024 18:22,0,47.186.25.104,100,20,1,4/10/2024 18:22,R_7oNRtHW3joFDKtD,,,,,33.0225,-96.729,anonymous,EN,1,,61,2,,1,,,,,,,,,5,1,4,1.185,19.588,20.296,17,614662c1c31697525616534f,11,6616a611b1d4fd89aac7dfaa,66173b1f1824cc47fe7b1b5a
4/10/2024 18:26,4/10/2024 18:26,0,99.174.201.84,100,23,1,4/10/2024 18:26,R_5QJWVM7uqFBDhvL,,,,,32.6256,-97.3632,anonymous,EN,1,,33,1,,,,1,,,,,,,2,1,3,1.59,21.863,22.88,9,5fe3f539dd8cf10e7d545231,11,6616a611b1d4fd89aac7dfaa,66173ba329d63b5d1e802942
4/10/2024 18:27,4/10/2024 18:28,0,104.148.129.185,100,21,1,4/10/2024 18:28,R_2NsGmdTznml3DBa,,,,,40.6665,-73.5455,anonymous,EN,2,,22,1,,1,,,,,,,,,5,1,4,2.457,18.773,20.451,8,612bbf7f2777e375241f0f45,11,6616a611b1d4fd89aac7dfaa,66173c6336fc70d7da6db249